id_inmueble,consumo_kwh,uso_horario_pico,cantidad_equipos,tipo_inmueble,horas_alto_consumo,superficie_m2,categoria
VIV-00001,379.91,True,17,Casa,12,97,Ineficiente
COM-00002,3369.01,True,44,Comercio,12,169,Moderado
VIV-00003,375.82,True,20,Casa,6,73,Ineficiente
VIV-00004,373.16,True,15,Casa,6,40,Ineficiente
COM-00005,846.67,True,31,Comercio,12,117,Eficiente
VIV-00006,456.66,True,32,Casa,12,104,Ineficiente
VIV-00007,304.65,True,27,Casa,6,131,Moderado
COM-00008,1486.86,True,35,Comercio,12,47,Ineficiente
VIV-00009,240.1,True,17,Casa,6,48,Eficiente
VIV-00010,280.01,True,28,Casa,12,69,Moderado
VIV-00011,301.9,True,25,Casa,6,103,Moderado
VIV-00012,320.65,True,29,Casa,12,90,Moderado
VIV-00013,364.5,True,22,Casa,6,71,Moderado
VIV-00014,413.91,True,22,Casa,12,105,Ineficiente
COM-00015,1570.95,False,66,Comercio,12,115,Moderado
VIV-00016,225.94,True,16,Casa,12,87,Eficiente
VIV-00017,259.18,True,21,Casa,6,52,Eficiente
VIV-00018,356.54,True,14,Casa,12,77,Moderado
VIV-00019,432.0,True,27,Casa,6,132,Ineficiente
VIV-00020,396.68,True,28,Casa,6,59,Ineficiente
VIV-00021,242.6,True,13,Casa,6,124,Eficiente
VIV-00022,345.9,True,15,Casa,6,100,Moderado
COM-00023,3312.25,False,56,Comercio,12,96,Ineficiente
VIV-00024,255.59,True,21,Casa,12,127,Eficiente
VIV-00025,331.72,True,31,Casa,6,124,Moderado
VIV-00026,372.24,True,22,Casa,6,62,Ineficiente
COM-00027,1497.84,False,55,Comercio,12,98,Moderado
COM-00028,1425.94,False,63,Comercio,12,199,Eficiente
VIV-00029,324.66,True,29,Casa,6,79,Moderado
COM-00030,1004.39,True,59,Comercio,12,111,Eficiente
VIV-00031,233.98,True,14,Casa,6,74,Eficiente
VIV-00032,413.51,True,24,Casa,6,126,Ineficiente
VIV-00033,229.46,True,15,Casa,6,58,Eficiente
COM-00034,1687.52,False,40,Comercio,12,165,Eficiente
VIV-00035,349.38,True,12,Casa,6,118,Moderado
COM-00036,936.91,False,29,Comercio,12,191,Eficiente
VIV-00037,363.62,True,14,Casa,6,134,Moderado
VIV-00038,433.26,True,30,Casa,12,77,Ineficiente
COM-00039,2616.94,False,59,Comercio,12,153,Moderado
COM-00040,2665.03,True,48,Comercio,12,134,Moderado
COM-00041,1992.87,False,48,Comercio,12,120,Moderado
COM-00042,1536.75,True,30,Comercio,12,174,Eficiente
VIV-00043,278.37,True,29,Casa,6,73,Moderado
VIV-00044,223.99,True,13,Casa,6,108,Eficiente
VIV-00045,300.14,True,31,Casa,6,111,Moderado
VIV-00046,232.2,True,14,Casa,6,98,Eficiente
VIV-00047,272.4,True,28,Casa,6,80,Eficiente
VIV-00048,282.78,True,21,Casa,6,82,Moderado
VIV-00049,273.59,True,20,Casa,6,125,Eficiente
COM-00050,2321.25,True,41,Comercio,12,32,Ineficiente
COM-00051,1674.39,True,51,Comercio,12,78,Moderado
VIV-00052,365.67,True,22,Casa,6,62,Moderado
VIV-00053,271.35,True,28,Casa,6,83,Eficiente
VIV-00054,308.59,True,27,Casa,12,121,Moderado
VIV-00055,359.46,True,12,Casa,6,114,Moderado
COM-00056,2303.99,True,37,Comercio,12,33,Ineficiente
VIV-00057,253.0,True,24,Casa,6,106,Eficiente
VIV-00058,229.02,True,16,Casa,6,63,Eficiente
VIV-00059,283.99,True,24,Casa,6,52,Moderado
VIV-00060,250.11,True,15,Casa,12,67,Eficiente
VIV-00061,275.87,True,31,Casa,6,113,Eficiente
VIV-00062,247.82,True,18,Casa,6,69,Eficiente
COM-00063,2321.45,True,47,Comercio,12,106,Moderado
VIV-00064,397.37,True,29,Casa,12,67,Ineficiente
VIV-00065,294.58,True,24,Casa,12,47,Moderado
VIV-00066,291.24,True,28,Casa,12,118,Moderado
VIV-00067,384.21,True,24,Casa,6,82,Ineficiente
VIV-00068,339.26,True,14,Casa,6,58,Moderado
COM-00069,1654.42,False,40,Comercio,12,171,Eficiente
VIV-00070,361.69,True,15,Casa,6,82,Moderado
VIV-00071,284.65,True,30,Casa,6,102,Moderado
VIV-00072,263.83,True,23,Casa,6,109,Eficiente
VIV-00073,306.61,True,26,Casa,12,97,Moderado
VIV-00074,429.12,True,26,Casa,12,67,Ineficiente
VIV-00075,383.22,True,24,Casa,6,94,Ineficiente
COM-00076,1562.92,False,44,Comercio,12,31,Ineficiente
VIV-00077,411.78,True,25,Casa,12,127,Ineficiente
VIV-00078,412.5,True,25,Casa,6,125,Ineficiente
VIV-00079,267.22,True,19,Casa,6,117,Eficiente
COM-00080,2759.42,True,47,Comercio,12,159,Moderado
VIV-00081,289.58,True,27,Casa,6,115,Moderado
COM-00082,3293.35,True,35,Comercio,12,56,Ineficiente
COM-00083,1372.3,False,37,Comercio,12,65,Moderado
VIV-00084,225.43,True,15,Casa,6,64,Eficiente
VIV-00085,391.05,True,23,Casa,6,60,Ineficiente
VIV-00086,389.92,True,20,Casa,12,102,Ineficiente
VIV-00087,268.81,True,26,Casa,6,48,Eficiente
VIV-00088,399.95,True,28,Casa,6,87,Ineficiente
VIV-00089,227.88,True,17,Casa,6,69,Eficiente
VIV-00090,221.91,True,13,Casa,12,99,Eficiente
VIV-00091,342.43,True,13,Casa,6,99,Moderado
VIV-00092,297.55,True,24,Casa,6,48,Moderado
COM-00093,1796.99,False,70,Comercio,12,155,Eficiente
COM-00094,2239.45,False,57,Comercio,12,194,Eficiente
VIV-00095,348.65,True,16,Casa,6,58,Moderado
COM-00096,904.58,True,63,Comercio,12,33,Ineficiente
COM-00097,1046.2,False,41,Comercio,12,183,Eficiente
VIV-00098,218.75,True,12,Casa,6,86,Eficiente
VIV-00099,380.74,True,26,Casa,6,86,Ineficiente
COM-00100,2666.21,False,36,Comercio,12,64,Ineficiente
VIV-00101,242.58,True,19,Casa,6,89,Eficiente
COM-00102,2114.78,False,57,Comercio,12,85,Ineficiente
VIV-00103,249.59,True,26,Casa,6,54,Eficiente
VIV-00104,289.06,True,30,Casa,6,74,Moderado
COM-00105,1516.14,True,47,Comercio,12,31,Ineficiente
COM-00106,2099.22,False,48,Comercio,12,64,Ineficiente
COM-00107,2833.95,False,41,Comercio,12,81,Ineficiente
VIV-00108,222.15,True,15,Casa,12,100,Eficiente
VIV-00109,276.75,True,22,Casa,6,85,Moderado
VIV-00110,429.89,True,25,Casa,12,85,Ineficiente
VIV-00111,229.77,True,12,Casa,6,110,Eficiente
VIV-00112,391.1,True,18,Casa,12,108,Ineficiente
VIV-00113,292.36,True,26,Casa,6,102,Moderado
VIV-00114,341.34,True,13,Casa,12,116,Moderado
COM-00115,2695.55,True,40,Comercio,12,160,Moderado
COM-00116,2369.54,True,46,Comercio,12,112,Moderado
VIV-00117,288.78,True,23,Casa,12,66,Moderado
VIV-00118,384.71,True,17,Casa,12,99,Ineficiente
VIV-00119,347.88,True,13,Casa,6,51,Moderado
VIV-00120,410.63,True,32,Casa,6,85,Ineficiente
COM-00121,2170.22,True,45,Comercio,12,116,Moderado
COM-00122,1476.31,True,58,Comercio,12,149,Eficiente
VIV-00123,373.59,True,22,Casa,12,128,Ineficiente
VIV-00124,279.79,True,27,Casa,6,99,Moderado
COM-00125,3220.03,True,34,Comercio,12,55,Ineficiente
VIV-00126,395.44,True,27,Casa,12,129,Ineficiente
VIV-00127,359.38,True,20,Casa,6,97,Moderado
VIV-00128,363.62,True,15,Casa,12,62,Moderado
COM-00129,2163.25,False,52,Comercio,12,43,Ineficiente
VIV-00130,287.37,True,22,Casa,12,159,Moderado
VIV-00131,226.83,True,15,Casa,6,91,Eficiente
COM-00132,1188.36,False,52,Comercio,12,67,Moderado
VIV-00133,405.79,True,26,Casa,6,136,Ineficiente
VIV-00134,264.31,True,19,Casa,12,67,Eficiente
VIV-00135,373.16,True,16,Casa,12,84,Ineficiente
VIV-00136,235.28,True,20,Casa,6,133,Eficiente
VIV-00137,232.51,True,15,Casa,12,107,Eficiente
VIV-00138,404.82,True,26,Casa,6,79,Ineficiente
VIV-00139,261.12,True,24,Casa,6,102,Eficiente
VIV-00140,395.79,True,24,Casa,6,108,Ineficiente
VIV-00141,355.54,True,18,Casa,6,47,Moderado
VIV-00142,360.62,True,19,Casa,6,53,Moderado
VIV-00143,377.38,True,19,Casa,6,125,Ineficiente
VIV-00144,427.18,True,26,Casa,6,48,Ineficiente
VIV-00145,359.35,True,18,Casa,6,109,Moderado
VIV-00146,370.89,True,25,Casa,6,114,Ineficiente
COM-00147,1479.38,True,55,Comercio,12,81,Moderado
VIV-00148,287.28,True,22,Casa,6,113,Moderado
COM-00149,1058.93,False,50,Comercio,12,147,Eficiente
VIV-00150,319.3,True,30,Casa,6,58,Moderado
VIV-00151,257.26,True,18,Casa,6,63,Eficiente
VIV-00152,373.64,True,20,Casa,12,105,Ineficiente
COM-00153,2343.96,True,53,Comercio,12,52,Ineficiente
VIV-00154,270.59,True,20,Casa,6,98,Eficiente
VIV-00155,225.33,True,13,Casa,6,100,Eficiente
VIV-00156,331.9,True,30,Casa,6,51,Moderado
VIV-00157,417.03,True,28,Casa,6,91,Ineficiente
VIV-00158,380.09,True,23,Casa,6,79,Ineficiente
COM-00159,2081.43,True,65,Comercio,12,89,Ineficiente
VIV-00160,223.15,True,13,Casa,6,83,Eficiente
VIV-00161,381.24,True,21,Casa,6,102,Ineficiente
VIV-00162,350.6,True,12,Casa,12,58,Moderado
VIV-00163,423.06,True,31,Casa,12,140,Ineficiente
VIV-00164,300.38,True,27,Casa,6,48,Moderado
COM-00165,2830.28,False,52,Comercio,12,167,Moderado
COM-00166,1419.37,True,49,Comercio,12,99,Moderado
VIV-00167,314.89,True,27,Casa,12,140,Moderado
VIV-00168,378.79,True,27,Casa,12,73,Ineficiente
VIV-00169,293.96,True,27,Casa,6,60,Moderado
VIV-00170,352.33,True,13,Casa,6,93,Moderado
VIV-00171,375.86,True,17,Casa,6,89,Ineficiente
VIV-00172,287.01,True,32,Casa,12,96,Moderado
VIV-00173,234.88,True,13,Casa,12,79,Eficiente
VIV-00174,382.28,True,28,Casa,12,88,Ineficiente
VIV-00175,343.97,True,13,Casa,6,147,Moderado
VIV-00176,386.63,True,21,Casa,6,111,Ineficiente
VIV-00177,389.09,True,18,Casa,12,127,Ineficiente
COM-00178,1437.19,False,32,Comercio,12,186,Eficiente
VIV-00179,368.1,True,17,Casa,6,57,Moderado
VIV-00180,401.63,True,27,Casa,6,57,Ineficiente
VIV-00181,418.77,True,30,Casa,12,109,Ineficiente
COM-00182,845.06,True,27,Comercio,12,92,Eficiente
VIV-00183,302.94,True,28,Casa,12,48,Moderado
COM-00184,2250.54,False,37,Comercio,12,138,Moderado
COM-00185,2266.63,False,58,Comercio,12,76,Ineficiente
VIV-00186,247.72,True,15,Casa,12,65,Eficiente
VIV-00187,373.23,True,22,Casa,6,76,Ineficiente
VIV-00188,270.38,True,31,Casa,12,110,Eficiente
COM-00189,2297.11,False,58,Comercio,12,33,Ineficiente
VIV-00190,259.47,True,17,Casa,6,63,Eficiente
VIV-00191,226.49,True,12,Casa,6,78,Eficiente
COM-00192,973.42,False,63,Comercio,12,130,Eficiente
VIV-00193,247.21,True,21,Casa,6,54,Eficiente
VIV-00194,353.81,True,18,Casa,6,113,Moderado
COM-00195,1166.15,False,54,Comercio,12,64,Moderado
VIV-00196,320.89,True,31,Casa,12,103,Moderado
VIV-00197,388.24,True,27,Casa,6,108,Ineficiente
COM-00198,3231.17,True,45,Comercio,12,50,Ineficiente
VIV-00199,364.78,True,23,Casa,12,86,Moderado
COM-00200,2747.7,True,57,Comercio,12,126,Moderado
COM-00201,959.72,False,35,Comercio,12,138,Eficiente
COM-00202,2576.35,True,44,Comercio,12,138,Moderado
VIV-00203,427.76,True,31,Casa,6,131,Ineficiente
VIV-00204,373.84,True,17,Casa,6,77,Ineficiente
VIV-00205,321.54,True,31,Casa,12,114,Moderado
COM-00206,1569.88,True,40,Comercio,12,166,Eficiente
COM-00207,1537.72,True,54,Comercio,12,85,Moderado
VIV-00208,253.83,True,19,Casa,12,115,Eficiente
VIV-00209,360.76,True,20,Casa,12,99,Moderado
VIV-00210,416.09,True,24,Casa,6,102,Ineficiente
VIV-00211,342.93,True,13,Casa,6,98,Moderado
VIV-00212,431.87,True,29,Casa,12,108,Ineficiente
VIV-00213,334.42,True,30,Casa,6,73,Moderado
VIV-00214,378.2,True,23,Casa,6,101,Ineficiente
VIV-00215,235.24,True,21,Casa,12,132,Eficiente
VIV-00216,345.96,True,12,Casa,6,82,Moderado
VIV-00217,377.48,True,21,Casa,6,70,Ineficiente
VIV-00218,232.31,True,14,Casa,6,113,Eficiente
COM-00219,1526.11,True,34,Comercio,12,86,Moderado
VIV-00220,374.01,True,19,Casa,12,128,Ineficiente
COM-00221,2198.74,False,47,Comercio,12,142,Moderado
COM-00222,1361.54,False,27,Comercio,12,185,Eficiente
VIV-00223,405.0,True,24,Casa,6,85,Ineficiente
VIV-00224,215.15,True,12,Casa,12,110,Eficiente
VIV-00225,334.53,True,12,Casa,6,92,Moderado
VIV-00226,277.67,True,28,Casa,6,40,Moderado
VIV-00227,440.55,True,27,Casa,12,47,Ineficiente
COM-00228,1231.2,False,61,Comercio,12,65,Moderado
VIV-00229,242.92,True,15,Casa,6,73,Eficiente
VIV-00230,283.32,True,22,Casa,6,119,Moderado
VIV-00231,375.62,True,19,Casa,12,40,Ineficiente
COM-00232,1479.24,False,48,Comercio,12,200,Eficiente
VIV-00233,240.62,True,16,Casa,12,100,Eficiente
VIV-00234,378.66,True,28,Casa,6,40,Ineficiente
VIV-00235,275.0,True,21,Casa,6,68,Eficiente
COM-00236,2012.61,False,36,Comercio,12,91,Moderado
VIV-00237,421.67,True,29,Casa,6,107,Ineficiente
VIV-00238,383.49,True,30,Casa,6,115,Ineficiente
VIV-00239,402.3,True,22,Casa,12,74,Ineficiente
COM-00240,2308.48,False,44,Comercio,12,150,Moderado
VIV-00241,236.52,True,18,Casa,6,79,Eficiente
VIV-00242,374.77,True,19,Casa,6,104,Ineficiente
VIV-00243,394.94,True,29,Casa,6,128,Ineficiente
VIV-00244,398.89,True,23,Casa,12,94,Ineficiente
COM-00245,2634.36,True,65,Comercio,12,162,Moderado
COM-00246,870.08,False,40,Comercio,12,31,Ineficiente
VIV-00247,367.8,True,16,Casa,12,91,Moderado
COM-00248,1184.66,True,55,Comercio,12,191,Eficiente
VIV-00249,409.85,True,24,Casa,6,104,Ineficiente
VIV-00250,427.56,True,28,Casa,12,106,Ineficiente
COM-00251,1701.89,False,54,Comercio,12,33,Ineficiente
VIV-00252,282.7,True,24,Casa,6,114,Moderado
VIV-00253,341.86,True,14,Casa,12,94,Moderado
VIV-00254,265.18,True,24,Casa,12,92,Eficiente
VIV-00255,276.4,True,23,Casa,12,64,Moderado
COM-00256,840.62,True,38,Comercio,12,198,Eficiente
COM-00257,2274.17,False,68,Comercio,12,159,Moderado
VIV-00258,228.47,True,15,Casa,6,40,Eficiente
VIV-00259,252.07,True,18,Casa,6,104,Eficiente
VIV-00260,274.21,True,26,Casa,6,83,Eficiente
VIV-00261,294.98,True,24,Casa,12,113,Moderado
VIV-00262,358.92,True,12,Casa,6,93,Moderado
VIV-00263,381.6,True,23,Casa,12,91,Ineficiente
VIV-00264,403.35,True,31,Casa,12,56,Ineficiente
VIV-00265,292.7,True,31,Casa,6,103,Moderado
VIV-00266,350.82,True,12,Casa,6,96,Moderado
VIV-00267,346.64,True,16,Casa,6,82,Moderado
VIV-00268,426.89,True,25,Casa,12,73,Ineficiente
VIV-00269,233.28,True,12,Casa,6,68,Eficiente
COM-00270,3441.99,False,46,Comercio,12,72,Ineficiente
COM-00271,2387.77,False,72,Comercio,12,170,Moderado
VIV-00272,389.92,True,26,Casa,6,62,Ineficiente
COM-00273,940.39,False,57,Comercio,12,87,Eficiente
COM-00274,2232.45,False,65,Comercio,12,141,Moderado
COM-00275,2298.49,True,39,Comercio,12,165,Moderado
COM-00276,2109.83,True,47,Comercio,12,197,Eficiente
VIV-00277,276.21,True,30,Casa,6,96,Eficiente
VIV-00278,273.24,True,32,Casa,6,64,Eficiente
VIV-00279,265.73,True,28,Casa,12,97,Eficiente
VIV-00280,341.01,True,32,Casa,6,106,Moderado
VIV-00281,233.5,True,18,Casa,6,91,Eficiente
VIV-00282,418.21,True,26,Casa,6,137,Ineficiente
VIV-00283,355.84,True,15,Casa,6,111,Moderado
VIV-00284,412.68,True,29,Casa,6,116,Ineficiente
VIV-00285,214.7,True,12,Casa,6,84,Eficiente
VIV-00286,317.03,True,30,Casa,6,67,Moderado
COM-00287,2261.14,True,51,Comercio,12,100,Moderado
COM-00288,2186.1,False,51,Comercio,12,122,Moderado
COM-00289,1627.79,True,42,Comercio,12,64,Ineficiente
COM-00290,2170.37,True,65,Comercio,12,165,Moderado
VIV-00291,326.63,True,31,Casa,12,99,Moderado
VIV-00292,294.54,True,23,Casa,12,94,Moderado
VIV-00293,270.41,True,30,Casa,6,74,Eficiente
VIV-00294,285.17,True,21,Casa,6,86,Moderado
COM-00295,2705.06,True,64,Comercio,12,142,Moderado
VIV-00296,224.1,True,14,Casa,6,99,Eficiente
VIV-00297,444.92,True,32,Casa,12,117,Ineficiente
VIV-00298,412.47,True,28,Casa,6,85,Ineficiente
COM-00299,1585.59,False,32,Comercio,12,86,Moderado
COM-00300,2066.36,False,46,Comercio,12,87,Ineficiente
VIV-00301,288.9,True,27,Casa,6,75,Moderado
VIV-00302,227.45,True,18,Casa,6,40,Eficiente
VIV-00303,392.23,True,24,Casa,6,103,Ineficiente
COM-00304,2884.61,False,48,Comercio,12,56,Ineficiente
VIV-00305,412.68,True,29,Casa,6,94,Ineficiente
COM-00306,2117.44,True,46,Comercio,12,128,Moderado
VIV-00307,394.65,True,22,Casa,12,96,Ineficiente
VIV-00308,380.75,True,23,Casa,6,60,Ineficiente
VIV-00309,310.32,True,31,Casa,6,94,Moderado
VIV-00310,294.0,True,31,Casa,6,98,Moderado
COM-00311,2186.23,False,36,Comercio,12,52,Ineficiente
VIV-00312,231.01,True,14,Casa,6,84,Eficiente
VIV-00313,244.48,True,21,Casa,6,102,Eficiente
COM-00314,2615.5,False,53,Comercio,12,138,Moderado
VIV-00315,233.19,True,12,Casa,12,107,Eficiente
COM-00316,2352.24,True,58,Comercio,12,194,Eficiente
VIV-00317,405.72,True,22,Casa,6,102,Ineficiente
VIV-00318,260.81,True,21,Casa,6,61,Eficiente
VIV-00319,416.45,True,28,Casa,6,95,Ineficiente
VIV-00320,227.29,True,14,Casa,12,98,Eficiente
VIV-00321,230.72,True,17,Casa,12,98,Eficiente
VIV-00322,255.74,True,18,Casa,6,73,Eficiente
COM-00323,1892.34,True,35,Comercio,12,190,Eficiente
VIV-00324,249.95,True,21,Casa,12,65,Eficiente
COM-00325,1754.66,True,63,Comercio,12,200,Eficiente
VIV-00326,275.91,True,28,Casa,6,83,Eficiente
VIV-00327,250.52,True,24,Casa,6,110,Eficiente
VIV-00328,321.67,True,31,Casa,6,58,Moderado
COM-00329,2009.54,False,44,Comercio,12,140,Moderado
VIV-00330,239.69,True,18,Casa,6,107,Eficiente
VIV-00331,407.15,True,21,Casa,6,101,Ineficiente
VIV-00332,434.2,True,26,Casa,6,87,Ineficiente
VIV-00333,369.88,True,14,Casa,12,67,Moderado
VIV-00334,343.26,True,12,Casa,12,85,Moderado
VIV-00335,302.4,True,32,Casa,6,87,Moderado
VIV-00336,397.31,True,21,Casa,6,109,Ineficiente
VIV-00337,304.49,True,29,Casa,6,58,Moderado
COM-00338,1149.87,True,43,Comercio,12,115,Eficiente
COM-00339,1585.97,True,63,Comercio,12,191,Eficiente
VIV-00340,261.38,True,23,Casa,6,74,Eficiente
VIV-00341,237.06,True,20,Casa,6,52,Eficiente
VIV-00342,349.94,True,17,Casa,6,126,Moderado
VIV-00343,373.69,True,25,Casa,12,80,Ineficiente
COM-00344,911.02,False,30,Comercio,12,133,Eficiente
VIV-00345,444.33,True,31,Casa,6,64,Ineficiente
VIV-00346,408.55,True,29,Casa,6,134,Ineficiente
VIV-00347,389.01,True,25,Casa,6,88,Ineficiente
VIV-00348,403.07,True,32,Casa,12,60,Ineficiente
VIV-00349,224.49,True,13,Casa,12,97,Eficiente
VIV-00350,332.03,True,30,Casa,6,59,Moderado
COM-00351,2001.29,True,46,Comercio,12,149,Moderado
VIV-00352,350.62,True,17,Casa,6,40,Moderado
VIV-00353,413.43,True,25,Casa,6,89,Ineficiente
VIV-00354,265.73,True,28,Casa,6,129,Eficiente
VIV-00355,417.68,True,25,Casa,6,75,Ineficiente
VIV-00356,391.46,True,32,Casa,6,40,Ineficiente
VIV-00357,267.04,True,23,Casa,6,125,Eficiente
VIV-00358,336.83,True,12,Casa,6,82,Moderado
VIV-00359,349.36,True,13,Casa,6,147,Moderado
VIV-00360,347.71,True,15,Casa,12,87,Moderado
COM-00361,1671.35,False,62,Comercio,12,129,Moderado
VIV-00362,369.5,True,23,Casa,6,101,Moderado
VIV-00363,275.57,True,24,Casa,6,131,Eficiente
COM-00364,2704.22,True,50,Comercio,12,183,Moderado
VIV-00365,365.44,True,23,Casa,12,82,Moderado
VIV-00366,422.06,True,28,Casa,6,68,Ineficiente
VIV-00367,393.05,True,26,Casa,6,101,Ineficiente
VIV-00368,295.8,True,28,Casa,6,127,Moderado
VIV-00369,224.24,True,13,Casa,6,53,Eficiente
VIV-00370,362.18,True,13,Casa,6,55,Moderado
VIV-00371,369.66,True,24,Casa,6,87,Moderado
COM-00372,2250.4,False,42,Comercio,12,187,Eficiente
VIV-00373,238.0,True,17,Casa,6,85,Eficiente
VIV-00374,298.49,True,28,Casa,12,111,Moderado
COM-00375,1349.65,True,33,Comercio,12,200,Eficiente
COM-00376,2347.38,True,53,Comercio,12,120,Moderado
COM-00377,2746.51,False,55,Comercio,12,152,Moderado
VIV-00378,288.9,True,27,Casa,12,101,Moderado
COM-00379,1724.68,True,42,Comercio,12,182,Eficiente
VIV-00380,352.28,True,13,Casa,6,86,Moderado
VIV-00381,367.61,True,14,Casa,12,107,Moderado
VIV-00382,426.69,True,32,Casa,6,72,Ineficiente
VIV-00383,379.36,True,28,Casa,6,91,Ineficiente
VIV-00384,213.45,True,13,Casa,6,89,Eficiente
COM-00385,3341.61,False,69,Comercio,12,155,Moderado
COM-00386,2257.74,False,51,Comercio,12,47,Ineficiente
VIV-00387,298.12,True,27,Casa,6,101,Moderado
VIV-00388,379.02,True,21,Casa,6,76,Ineficiente
COM-00389,2440.87,False,69,Comercio,12,200,Eficiente
VIV-00390,240.63,True,21,Casa,12,62,Eficiente
VIV-00391,370.37,True,14,Casa,6,97,Moderado
VIV-00392,271.3,True,26,Casa,12,68,Eficiente
COM-00393,3311.51,False,49,Comercio,12,97,Ineficiente
VIV-00394,384.23,True,17,Casa,12,92,Ineficiente
VIV-00395,341.39,True,13,Casa,12,110,Moderado
VIV-00396,376.28,True,25,Casa,6,71,Ineficiente
COM-00397,1450.1,False,42,Comercio,12,134,Eficiente
VIV-00398,420.35,True,32,Casa,12,112,Ineficiente
VIV-00399,341.06,True,12,Casa,6,47,Moderado
VIV-00400,324.27,True,32,Casa,12,84,Moderado
VIV-00401,233.33,True,20,Casa,6,93,Eficiente
VIV-00402,324.97,True,30,Casa,6,136,Moderado
VIV-00403,407.21,True,29,Casa,6,125,Ineficiente
COM-00404,881.66,False,35,Comercio,12,158,Eficiente
COM-00405,902.63,True,39,Comercio,12,64,Moderado
COM-00406,1785.01,True,56,Comercio,12,69,Ineficiente
VIV-00407,235.78,True,17,Casa,12,73,Eficiente
COM-00408,2268.49,True,36,Comercio,12,83,Ineficiente
VIV-00409,362.52,True,21,Casa,6,72,Moderado
COM-00410,2752.55,False,40,Comercio,12,111,Ineficiente
VIV-00411,252.32,True,17,Casa,6,107,Eficiente
VIV-00412,432.5,True,32,Casa,6,70,Ineficiente
VIV-00413,401.63,True,25,Casa,6,111,Ineficiente
VIV-00414,420.97,True,31,Casa,12,113,Ineficiente
VIV-00415,388.85,True,19,Casa,6,56,Ineficiente
VIV-00416,263.74,True,18,Casa,6,140,Eficiente
VIV-00417,246.48,True,19,Casa,6,74,Eficiente
VIV-00418,247.25,True,25,Casa,6,92,Eficiente
VIV-00419,388.22,True,20,Casa,12,117,Ineficiente
VIV-00420,418.46,True,32,Casa,6,119,Ineficiente
COM-00421,1683.79,True,45,Comercio,12,138,Eficiente
VIV-00422,415.43,True,23,Casa,12,74,Ineficiente
VIV-00423,345.5,True,16,Casa,6,83,Moderado
VIV-00424,390.7,True,31,Casa,6,100,Ineficiente
VIV-00425,250.98,True,23,Casa,6,95,Eficiente
VIV-00426,383.54,True,26,Casa,12,104,Ineficiente
VIV-00427,420.58,True,29,Casa,12,71,Ineficiente
COM-00428,2312.91,False,50,Comercio,12,97,Ineficiente
VIV-00429,233.56,True,19,Casa,6,41,Eficiente
VIV-00430,244.49,True,17,Casa,12,51,Eficiente
COM-00431,2245.61,True,38,Comercio,12,49,Ineficiente
VIV-00432,226.8,True,18,Casa,6,113,Eficiente
VIV-00433,434.3,True,26,Casa,12,75,Ineficiente
VIV-00434,269.53,True,21,Casa,6,73,Eficiente
VIV-00435,441.95,True,32,Casa,6,76,Ineficiente
VIV-00436,276.85,True,28,Casa,12,67,Moderado
VIV-00437,354.26,True,16,Casa,12,52,Moderado
VIV-00438,212.44,True,12,Casa,6,65,Eficiente
VIV-00439,427.61,True,26,Casa,6,90,Ineficiente
VIV-00440,303.87,True,25,Casa,6,93,Moderado
COM-00441,1383.43,False,30,Comercio,12,46,Ineficiente
VIV-00442,375.77,True,21,Casa,6,71,Ineficiente
VIV-00443,390.83,True,31,Casa,12,75,Ineficiente
VIV-00444,274.47,True,25,Casa,12,114,Eficiente
VIV-00445,257.08,True,28,Casa,6,76,Eficiente
VIV-00446,374.67,True,22,Casa,12,106,Ineficiente
VIV-00447,391.05,True,27,Casa,6,108,Ineficiente
VIV-00448,225.45,True,14,Casa,6,75,Eficiente
COM-00449,2231.96,True,60,Comercio,12,176,Eficiente
COM-00450,1492.55,False,58,Comercio,12,117,Eficiente
VIV-00451,422.8,True,30,Casa,12,73,Ineficiente
COM-00452,2487.96,True,54,Comercio,12,40,Ineficiente
VIV-00453,315.11,True,28,Casa,6,101,Moderado
VIV-00454,306.07,True,30,Casa,6,82,Moderado
VIV-00455,372.17,True,18,Casa,12,94,Ineficiente
COM-00456,2583.48,False,61,Comercio,12,114,Moderado
COM-00457,1697.27,False,65,Comercio,12,185,Eficiente
VIV-00458,383.29,True,27,Casa,12,79,Ineficiente
VIV-00459,380.75,True,24,Casa,12,109,Ineficiente
VIV-00460,370.06,True,17,Casa,6,141,Moderado
VIV-00461,380.73,True,25,Casa,12,52,Ineficiente
VIV-00462,414.54,True,32,Casa,12,95,Ineficiente
VIV-00463,364.75,True,14,Casa,6,70,Moderado
VIV-00464,344.21,True,12,Casa,12,110,Moderado
VIV-00465,275.25,True,19,Casa,6,106,Eficiente
VIV-00466,369.67,True,14,Casa,6,94,Moderado
VIV-00467,256.03,True,18,Casa,6,85,Eficiente
COM-00468,2313.18,True,73,Comercio,12,124,Moderado
COM-00469,2810.95,False,50,Comercio,12,89,Ineficiente
VIV-00470,214.98,True,13,Casa,6,66,Eficiente
VIV-00471,286.09,True,27,Casa,12,84,Moderado
VIV-00472,383.92,True,20,Casa,6,115,Ineficiente
COM-00473,3289.99,False,57,Comercio,12,185,Moderado
VIV-00474,394.2,True,19,Casa,12,68,Ineficiente
COM-00475,1912.03,True,39,Comercio,12,140,Moderado
VIV-00476,347.96,True,16,Casa,6,78,Moderado
VIV-00477,310.91,True,32,Casa,12,86,Moderado
VIV-00478,219.34,True,13,Casa,6,81,Eficiente
VIV-00479,272.03,True,19,Casa,6,81,Eficiente
VIV-00480,242.89,True,19,Casa,12,66,Eficiente
VIV-00481,260.08,True,30,Casa,6,86,Eficiente
VIV-00482,248.24,True,14,Casa,6,68,Eficiente
VIV-00483,381.6,True,26,Casa,12,103,Ineficiente
VIV-00484,350.87,True,12,Casa,12,150,Moderado
VIV-00485,227.21,True,17,Casa,12,74,Eficiente
VIV-00486,263.37,True,21,Casa,6,70,Eficiente
COM-00487,876.24,True,26,Comercio,12,173,Eficiente
VIV-00488,392.85,True,22,Casa,6,120,Ineficiente
VIV-00489,250.43,True,20,Casa,6,82,Eficiente
VIV-00490,413.73,True,32,Casa,12,84,Ineficiente
COM-00491,1722.74,False,53,Comercio,12,172,Eficiente
VIV-00492,245.27,True,14,Casa,12,124,Eficiente
VIV-00493,306.07,True,30,Casa,6,69,Moderado
COM-00494,2085.91,True,54,Comercio,12,54,Ineficiente
COM-00495,2205.86,False,59,Comercio,12,71,Ineficiente
VIV-00496,236.25,True,14,Casa,6,59,Eficiente
VIV-00497,359.24,True,12,Casa,6,97,Moderado
COM-00498,1137.95,True,46,Comercio,12,150,Eficiente
VIV-00499,245.95,True,18,Casa,6,57,Eficiente
VIV-00500,254.81,True,17,Casa,6,48,Eficiente
VIV-00501,369.94,True,15,Casa,6,85,Moderado
VIV-00502,377.14,True,28,Casa,6,147,Ineficiente
VIV-00503,283.93,True,26,Casa,12,93,Moderado
VIV-00504,262.94,True,31,Casa,12,49,Eficiente
VIV-00505,218.65,True,14,Casa,12,80,Eficiente
COM-00506,2145.37,True,62,Comercio,12,111,Moderado
VIV-00507,402.44,True,21,Casa,6,105,Ineficiente
VIV-00508,393.3,True,27,Casa,6,103,Ineficiente
COM-00509,1134.34,True,56,Comercio,12,52,Moderado
VIV-00510,370.54,True,23,Casa,6,66,Moderado
VIV-00511,275.45,True,28,Casa,6,100,Eficiente
VIV-00512,391.06,True,28,Casa,6,88,Ineficiente
VIV-00513,353.38,True,18,Casa,12,85,Moderado
VIV-00514,357.62,True,14,Casa,6,94,Moderado
VIV-00515,376.88,True,24,Casa,12,148,Ineficiente
VIV-00516,253.78,True,16,Casa,6,92,Eficiente
COM-00517,2066.17,True,44,Comercio,12,194,Eficiente
VIV-00518,244.17,True,22,Casa,6,63,Eficiente
VIV-00519,340.61,True,12,Casa,12,54,Moderado
VIV-00520,247.9,True,18,Casa,6,135,Eficiente
VIV-00521,374.9,True,26,Casa,6,93,Ineficiente
COM-00522,1559.69,False,45,Comercio,12,64,Ineficiente
COM-00523,1030.64,True,38,Comercio,12,98,Eficiente
VIV-00524,237.44,True,14,Casa,6,63,Eficiente
VIV-00525,374.28,True,20,Casa,6,144,Ineficiente
VIV-00526,384.91,True,17,Casa,6,68,Ineficiente
VIV-00527,384.12,True,30,Casa,6,61,Ineficiente
VIV-00528,431.15,True,32,Casa,12,105,Ineficiente
COM-00529,955.14,False,55,Comercio,12,181,Eficiente
VIV-00530,341.73,True,12,Casa,6,93,Moderado
COM-00531,1965.28,True,44,Comercio,12,162,Eficiente
VIV-00532,253.34,True,23,Casa,6,112,Eficiente
VIV-00533,233.94,True,19,Casa,12,77,Eficiente
VIV-00534,278.74,True,24,Casa,6,118,Moderado
VIV-00535,294.86,True,25,Casa,6,72,Moderado
COM-00536,1494.45,True,58,Comercio,12,126,Eficiente
COM-00537,2101.01,False,39,Comercio,12,132,Moderado
COM-00538,1176.41,True,48,Comercio,12,194,Eficiente
VIV-00539,383.69,True,28,Casa,6,72,Ineficiente
VIV-00540,308.45,True,26,Casa,6,126,Moderado
VIV-00541,282.58,True,28,Casa,12,76,Moderado
VIV-00542,238.28,True,17,Casa,6,106,Eficiente
VIV-00543,401.45,True,32,Casa,12,82,Ineficiente
VIV-00544,245.4,True,20,Casa,12,90,Eficiente
VIV-00545,274.0,True,20,Casa,6,111,Eficiente
VIV-00546,406.39,True,25,Casa,6,89,Ineficiente
VIV-00547,273.11,True,28,Casa,6,69,Eficiente
COM-00548,1701.83,True,55,Comercio,12,36,Ineficiente
COM-00549,2133.0,True,69,Comercio,12,184,Eficiente
VIV-00550,372.1,True,19,Casa,6,40,Ineficiente
VIV-00551,409.07,True,30,Casa,6,78,Ineficiente
COM-00552,1734.83,False,65,Comercio,12,67,Ineficiente
VIV-00553,232.36,True,14,Casa,6,67,Eficiente
COM-00554,1954.09,False,30,Comercio,12,89,Moderado
VIV-00555,266.83,True,29,Casa,12,118,Eficiente
VIV-00556,437.83,True,29,Casa,6,101,Ineficiente
COM-00557,2076.48,False,43,Comercio,12,92,Moderado
VIV-00558,261.56,True,17,Casa,6,87,Eficiente
VIV-00559,374.01,True,24,Casa,6,147,Ineficiente
VIV-00560,369.26,True,20,Casa,6,79,Moderado
VIV-00561,299.48,True,31,Casa,6,40,Moderado
VIV-00562,382.88,True,19,Casa,6,72,Ineficiente
COM-00563,2744.66,True,40,Comercio,12,185,Moderado
COM-00564,854.36,True,42,Comercio,12,98,Eficiente
VIV-00565,356.26,True,19,Casa,6,86,Moderado
VIV-00566,373.45,True,15,Casa,6,109,Ineficiente
VIV-00567,264.54,True,19,Casa,6,82,Eficiente
VIV-00568,419.81,True,32,Casa,6,100,Ineficiente
COM-00569,1464.12,True,44,Comercio,12,133,Eficiente
VIV-00570,219.42,True,12,Casa,6,120,Eficiente
VIV-00571,239.56,True,17,Casa,12,109,Eficiente
COM-00572,1919.86,True,40,Comercio,12,139,Moderado
VIV-00573,234.29,True,13,Casa,6,96,Eficiente
VIV-00574,232.9,True,13,Casa,12,113,Eficiente
VIV-00575,295.37,True,24,Casa,6,105,Moderado
VIV-00576,345.94,True,16,Casa,6,82,Moderado
COM-00577,2240.37,True,49,Comercio,12,71,Ineficiente
VIV-00578,229.39,True,18,Casa,6,108,Eficiente
COM-00579,2150.66,False,56,Comercio,12,63,Ineficiente
VIV-00580,229.65,True,16,Casa,6,65,Eficiente
VIV-00581,248.93,True,16,Casa,12,77,Eficiente
COM-00582,1795.6,False,64,Comercio,12,184,Eficiente
VIV-00583,263.23,True,18,Casa,12,74,Eficiente
VIV-00584,355.11,True,19,Casa,6,97,Moderado
VIV-00585,248.49,True,22,Casa,12,54,Eficiente
VIV-00586,380.18,True,17,Casa,6,50,Ineficiente
COM-00587,1371.74,True,35,Comercio,12,195,Eficiente
COM-00588,2267.83,False,54,Comercio,12,157,Moderado
VIV-00589,351.68,True,14,Casa,12,106,Moderado
VIV-00590,336.29,True,12,Casa,6,75,Moderado
COM-00591,1181.2,False,65,Comercio,12,154,Eficiente
VIV-00592,284.83,True,21,Casa,6,58,Moderado
COM-00593,1032.32,False,57,Comercio,12,199,Eficiente
VIV-00594,378.17,True,24,Casa,6,66,Ineficiente
VIV-00595,383.52,True,24,Casa,12,111,Ineficiente
VIV-00596,237.6,True,17,Casa,6,87,Eficiente
VIV-00597,328.46,True,31,Casa,6,89,Moderado
COM-00598,1539.11,False,34,Comercio,12,84,Moderado
VIV-00599,280.35,True,22,Casa,12,104,Moderado
VIV-00600,237.92,True,14,Casa,6,153,Eficiente
VIV-00601,354.87,True,14,Casa,6,113,Moderado
COM-00602,2315.65,True,70,Comercio,12,44,Ineficiente
VIV-00603,423.18,True,26,Casa,6,111,Ineficiente
COM-00604,2196.61,False,39,Comercio,12,67,Ineficiente
VIV-00605,395.1,True,32,Casa,6,106,Ineficiente
COM-00606,1112.98,False,43,Comercio,12,102,Eficiente
VIV-00607,262.94,True,29,Casa,6,88,Eficiente
VIV-00608,426.29,True,32,Casa,6,124,Ineficiente
COM-00609,2144.85,True,34,Comercio,12,136,Moderado
VIV-00610,268.07,True,28,Casa,6,94,Eficiente
VIV-00611,274.82,True,31,Casa,6,45,Eficiente
COM-00612,1562.85,True,58,Comercio,12,187,Eficiente
VIV-00613,352.56,True,16,Casa,6,107,Moderado
VIV-00614,297.0,True,30,Casa,6,91,Moderado
VIV-00615,378.95,True,16,Casa,6,113,Ineficiente
VIV-00616,350.28,True,12,Casa,6,53,Moderado
VIV-00617,239.86,True,21,Casa,12,61,Eficiente
COM-00618,1456.02,True,46,Comercio,12,55,Ineficiente
COM-00619,2637.73,True,60,Comercio,12,131,Moderado
VIV-00620,377.14,True,28,Casa,6,96,Ineficiente
COM-00621,1456.74,False,27,Comercio,12,188,Eficiente
VIV-00622,233.43,True,16,Casa,6,65,Eficiente
VIV-00623,400.16,True,29,Casa,6,68,Ineficiente
VIV-00624,311.36,True,28,Casa,6,125,Moderado
VIV-00625,219.93,True,13,Casa,6,117,Eficiente
VIV-00626,421.83,True,24,Casa,6,90,Ineficiente
VIV-00627,357.26,True,12,Casa,6,96,Moderado
VIV-00628,395.24,True,32,Casa,6,80,Ineficiente
VIV-00629,395.87,True,23,Casa,6,95,Ineficiente
VIV-00630,360.5,True,16,Casa,6,110,Moderado
COM-00631,2767.64,False,65,Comercio,12,134,Moderado
VIV-00632,339.35,True,12,Casa,6,98,Moderado
VIV-00633,428.47,True,29,Casa,6,80,Ineficiente
VIV-00634,344.12,True,16,Casa,6,40,Moderado
COM-00635,984.62,True,31,Comercio,12,192,Eficiente
VIV-00636,234.43,True,18,Casa,12,145,Eficiente
VIV-00637,390.67,True,30,Casa,12,110,Ineficiente
VIV-00638,366.44,True,19,Casa,6,78,Moderado
VIV-00639,246.54,True,16,Casa,12,98,Eficiente
VIV-00640,258.95,True,16,Casa,12,118,Eficiente
VIV-00641,254.27,True,28,Casa,12,71,Eficiente
VIV-00642,271.01,True,23,Casa,12,90,Eficiente
VIV-00643,225.55,True,15,Casa,6,82,Eficiente
COM-00644,1741.69,True,63,Comercio,12,109,Moderado
VIV-00645,421.43,True,29,Casa,6,140,Ineficiente
VIV-00646,305.55,True,27,Casa,6,132,Moderado
COM-00647,897.26,False,38,Comercio,12,99,Eficiente
COM-00648,810.27,False,34,Comercio,12,115,Eficiente
COM-00649,1705.22,True,50,Comercio,12,78,Moderado
VIV-00650,275.26,True,21,Casa,12,100,Eficiente
COM-00651,2309.47,False,58,Comercio,12,75,Ineficiente
COM-00652,1671.98,False,39,Comercio,12,65,Ineficiente
VIV-00653,363.67,True,20,Casa,12,45,Moderado
VIV-00654,369.67,True,20,Casa,6,49,Moderado
VIV-00655,310.1,True,32,Casa,6,100,Moderado
COM-00656,2048.25,True,41,Comercio,12,105,Moderado
VIV-00657,274.09,True,24,Casa,12,66,Eficiente
VIV-00658,383.52,True,29,Casa,12,90,Ineficiente
COM-00659,1119.45,False,42,Comercio,12,77,Moderado
VIV-00660,391.29,True,29,Casa,6,70,Ineficiente
VIV-00661,362.01,True,16,Casa,6,89,Moderado
COM-00662,871.21,True,46,Comercio,12,95,Eficiente
VIV-00663,264.77,True,31,Casa,6,123,Eficiente
COM-00664,2833.18,False,60,Comercio,12,181,Moderado
COM-00665,1235.59,True,58,Comercio,12,150,Eficiente
VIV-00666,467.19,True,32,Casa,6,69,Ineficiente
COM-00667,3200.92,True,61,Comercio,12,60,Ineficiente
VIV-00668,366.26,True,18,Casa,6,78,Moderado
COM-00669,2320.61,False,62,Comercio,12,78,Ineficiente
COM-00670,928.17,False,63,Comercio,12,122,Eficiente
VIV-00671,339.16,True,31,Casa,6,93,Moderado
VIV-00672,221.94,True,12,Casa,12,113,Eficiente
VIV-00673,262.22,True,28,Casa,12,67,Eficiente
COM-00674,2240.77,True,58,Comercio,12,140,Moderado
VIV-00675,235.07,True,16,Casa,6,40,Eficiente
VIV-00676,251.99,True,19,Casa,6,119,Eficiente
VIV-00677,405.15,True,25,Casa,6,57,Ineficiente
VIV-00678,251.75,True,26,Casa,6,125,Eficiente
COM-00679,1587.06,False,35,Comercio,12,161,Eficiente
VIV-00680,312.8,True,32,Casa,6,85,Moderado
VIV-00681,352.44,True,17,Casa,12,93,Moderado
VIV-00682,355.28,True,17,Casa,12,93,Moderado
VIV-00683,346.76,True,16,Casa,6,112,Moderado
COM-00684,3244.12,False,34,Comercio,12,192,Moderado
COM-00685,1727.06,False,53,Comercio,12,90,Moderado
COM-00686,1096.16,True,36,Comercio,12,46,Ineficiente
COM-00687,2178.2,False,48,Comercio,12,50,Ineficiente
VIV-00688,285.65,True,31,Casa,6,101,Moderado
VIV-00689,236.08,True,15,Casa,12,73,Eficiente
COM-00690,1795.21,True,68,Comercio,12,85,Moderado
VIV-00691,294.4,True,31,Casa,12,89,Moderado
VIV-00692,363.14,True,19,Casa,12,119,Moderado
VIV-00693,423.18,True,32,Casa,6,91,Ineficiente
VIV-00694,353.89,True,19,Casa,6,110,Moderado
VIV-00695,278.15,True,24,Casa,6,88,Moderado
VIV-00696,347.83,True,15,Casa,6,72,Moderado
VIV-00697,235.93,True,21,Casa,6,96,Eficiente
VIV-00698,383.36,True,17,Casa,6,103,Ineficiente
COM-00699,3130.99,True,37,Comercio,12,113,Ineficiente
VIV-00700,365.61,True,15,Casa,6,115,Moderado
VIV-00701,409.29,True,23,Casa,6,87,Ineficiente
VIV-00702,387.65,True,21,Casa,6,93,Ineficiente
VIV-00703,463.28,True,32,Casa,6,111,Ineficiente
VIV-00704,236.47,True,13,Casa,12,102,Eficiente
COM-00705,1051.04,True,55,Comercio,12,179,Eficiente
VIV-00706,242.46,True,22,Casa,6,40,Eficiente
VIV-00707,228.38,True,18,Casa,6,75,Eficiente
VIV-00708,316.44,True,32,Casa,6,94,Moderado
COM-00709,1694.2,False,45,Comercio,12,86,Moderado
COM-00710,1965.46,False,35,Comercio,12,81,Ineficiente
VIV-00711,359.24,True,15,Casa,6,113,Moderado
VIV-00712,393.11,True,29,Casa,6,72,Ineficiente
VIV-00713,253.59,True,16,Casa,6,95,Eficiente
VIV-00714,369.4,True,14,Casa,12,125,Moderado
VIV-00715,442.96,True,30,Casa,6,100,Ineficiente
VIV-00716,217.19,True,14,Casa,12,85,Eficiente
VIV-00717,249.14,True,24,Casa,6,91,Eficiente
VIV-00718,260.96,True,17,Casa,12,108,Eficiente
VIV-00719,413.55,True,27,Casa,6,101,Ineficiente
COM-00720,1971.18,False,29,Comercio,12,143,Moderado
VIV-00721,372.44,True,23,Casa,12,138,Ineficiente
VIV-00722,396.31,True,31,Casa,6,44,Ineficiente
VIV-00723,357.26,True,19,Casa,6,99,Moderado
VIV-00724,252.84,True,25,Casa,6,60,Eficiente
COM-00725,2111.0,False,67,Comercio,12,58,Ineficiente
VIV-00726,258.95,True,25,Casa,12,74,Eficiente
VIV-00727,355.06,True,13,Casa,6,99,Moderado
COM-00728,2872.78,True,51,Comercio,12,60,Ineficiente
VIV-00729,269.91,True,22,Casa,12,94,Eficiente
VIV-00730,390.61,True,19,Casa,6,105,Ineficiente
VIV-00731,420.48,True,32,Casa,6,50,Ineficiente
COM-00732,1832.75,True,66,Comercio,12,89,Moderado
VIV-00733,375.12,True,17,Casa,6,129,Ineficiente
VIV-00734,426.65,True,29,Casa,12,58,Ineficiente
VIV-00735,440.68,True,31,Casa,6,94,Ineficiente
COM-00736,3097.87,False,38,Comercio,12,125,Ineficiente
VIV-00737,361.44,True,16,Casa,6,117,Moderado
COM-00738,2237.35,True,65,Comercio,12,159,Moderado
VIV-00739,357.6,True,20,Casa,6,87,Moderado
VIV-00740,396.05,True,32,Casa,6,85,Ineficiente
COM-00741,2197.63,True,65,Comercio,12,127,Moderado
VIV-00742,419.54,True,25,Casa,12,87,Ineficiente
VIV-00743,356.11,True,14,Casa,6,49,Moderado
VIV-00744,234.38,True,16,Casa,6,69,Eficiente
VIV-00745,407.52,True,22,Casa,6,127,Ineficiente
COM-00746,1536.64,False,37,Comercio,12,115,Moderado
VIV-00747,323.08,True,30,Casa,12,115,Moderado
VIV-00748,262.11,True,24,Casa,6,107,Eficiente
VIV-00749,357.53,True,13,Casa,12,90,Moderado
VIV-00750,268.16,True,31,Casa,6,149,Eficiente
VIV-00751,242.92,True,15,Casa,12,110,Eficiente
COM-00752,2386.32,True,53,Comercio,12,196,Eficiente
COM-00753,1050.75,False,32,Comercio,12,174,Eficiente
COM-00754,2106.97,False,58,Comercio,12,131,Moderado
VIV-00755,361.75,True,21,Casa,6,93,Moderado
VIV-00756,225.54,True,12,Casa,12,88,Eficiente
VIV-00757,245.43,True,22,Casa,12,126,Eficiente
VIV-00758,418.55,True,23,Casa,6,122,Ineficiente
VIV-00759,370.55,True,24,Casa,12,124,Moderado
VIV-00760,369.1,True,21,Casa,6,91,Moderado
VIV-00761,234.09,True,19,Casa,6,51,Eficiente
VIV-00762,235.72,True,15,Casa,6,100,Eficiente
COM-00763,1946.39,False,35,Comercio,12,136,Moderado
COM-00764,3448.11,True,67,Comercio,12,180,Moderado
VIV-00765,347.99,True,17,Casa,6,111,Moderado
VIV-00766,298.44,True,24,Casa,6,57,Moderado
COM-00767,1773.4,True,49,Comercio,12,135,Moderado
VIV-00768,313.61,True,32,Casa,6,66,Moderado
VIV-00769,375.7,True,24,Casa,12,74,Ineficiente
VIV-00770,407.61,True,22,Casa,6,64,Ineficiente
VIV-00771,363.72,True,13,Casa,6,91,Moderado
VIV-00772,244.22,True,17,Casa,6,77,Eficiente
VIV-00773,281.02,True,26,Casa,6,103,Moderado
VIV-00774,427.45,True,28,Casa,6,98,Ineficiente
VIV-00775,413.46,True,22,Casa,6,116,Ineficiente
COM-00776,3106.37,True,40,Comercio,12,118,Ineficiente
VIV-00777,219.83,True,14,Casa,6,84,Eficiente
VIV-00778,375.36,True,23,Casa,6,45,Ineficiente
VIV-00779,369.65,True,18,Casa,6,77,Moderado
VIV-00780,370.26,True,22,Casa,6,128,Moderado
VIV-00781,309.96,True,32,Casa,6,69,Moderado
VIV-00782,404.6,True,26,Casa,6,85,Ineficiente
VIV-00783,237.94,True,17,Casa,12,71,Eficiente
VIV-00784,415.58,True,27,Casa,6,80,Ineficiente
VIV-00785,371.3,True,23,Casa,6,97,Ineficiente
VIV-00786,291.86,True,29,Casa,6,89,Moderado
VIV-00787,365.17,True,21,Casa,6,90,Moderado
VIV-00788,378.68,True,26,Casa,6,44,Ineficiente
COM-00789,2690.61,True,53,Comercio,12,141,Moderado
COM-00790,2461.41,True,73,Comercio,12,171,Moderado
VIV-00791,300.56,True,25,Casa,6,102,Moderado
VIV-00792,302.43,True,29,Casa,6,77,Moderado
VIV-00793,406.15,True,28,Casa,12,75,Ineficiente
VIV-00794,249.88,True,15,Casa,6,102,Eficiente
VIV-00795,388.31,True,23,Casa,6,87,Ineficiente
VIV-00796,430.54,True,29,Casa,12,79,Ineficiente
VIV-00797,291.42,True,22,Casa,6,111,Moderado
VIV-00798,394.49,True,21,Casa,6,116,Ineficiente
VIV-00799,218.7,True,12,Casa,6,72,Eficiente
VIV-00800,284.43,True,23,Casa,6,87,Moderado
VIV-00801,341.42,True,14,Casa,12,76,Moderado
VIV-00802,403.91,True,25,Casa,6,80,Ineficiente
VIV-00803,389.44,True,23,Casa,6,140,Ineficiente
VIV-00804,369.88,True,16,Casa,12,91,Moderado
VIV-00805,386.5,True,28,Casa,6,70,Ineficiente
COM-00806,872.29,False,38,Comercio,12,79,Eficiente
COM-00807,2539.58,True,33,Comercio,12,180,Moderado
VIV-00808,243.22,True,20,Casa,6,63,Eficiente
VIV-00809,391.32,True,26,Casa,6,46,Ineficiente
VIV-00810,303.76,True,28,Casa,6,60,Moderado
COM-00811,1587.06,True,65,Comercio,12,94,Moderado
VIV-00812,455.42,True,31,Casa,12,114,Ineficiente
VIV-00813,409.9,True,26,Casa,6,78,Ineficiente
COM-00814,882.65,False,62,Comercio,12,85,Eficiente
VIV-00815,293.22,True,30,Casa,12,57,Moderado
COM-00816,1746.03,False,47,Comercio,12,188,Eficiente
VIV-00817,287.75,True,24,Casa,6,66,Moderado
VIV-00818,252.65,True,16,Casa,12,63,Eficiente
VIV-00819,398.45,True,26,Casa,6,72,Ineficiente
COM-00820,916.69,False,43,Comercio,12,150,Eficiente
VIV-00821,377.99,True,21,Casa,6,92,Ineficiente
COM-00822,2174.8,False,52,Comercio,12,134,Moderado
COM-00823,2553.55,True,46,Comercio,12,53,Ineficiente
COM-00824,1142.2,False,43,Comercio,12,135,Eficiente
COM-00825,1749.24,True,70,Comercio,12,32,Ineficiente
VIV-00826,345.47,True,32,Casa,6,59,Moderado
VIV-00827,240.29,True,21,Casa,6,40,Eficiente
VIV-00828,386.1,True,27,Casa,6,92,Ineficiente
VIV-00829,268.59,True,19,Casa,6,95,Eficiente
VIV-00830,238.89,True,13,Casa,6,81,Eficiente
VIV-00831,447.5,True,30,Casa,12,116,Ineficiente
VIV-00832,389.19,True,20,Casa,12,44,Ineficiente
VIV-00833,274.73,True,27,Casa,6,115,Eficiente
VIV-00834,301.82,True,29,Casa,12,80,Moderado
VIV-00835,386.46,True,22,Casa,6,81,Ineficiente
VIV-00836,370.8,True,17,Casa,6,59,Ineficiente
VIV-00837,241.2,True,22,Casa,6,109,Eficiente
VIV-00838,455.56,True,30,Casa,6,123,Ineficiente
VIV-00839,291.74,True,32,Casa,6,84,Moderado
VIV-00840,264.74,True,21,Casa,6,86,Eficiente
VIV-00841,287.42,True,30,Casa,6,71,Moderado
VIV-00842,224.78,True,12,Casa,6,101,Eficiente
VIV-00843,361.44,True,18,Casa,6,119,Moderado
VIV-00844,274.64,True,20,Casa,6,118,Eficiente
VIV-00845,389.08,True,19,Casa,6,76,Ineficiente
VIV-00846,402.82,True,24,Casa,6,66,Ineficiente
VIV-00847,280.8,True,26,Casa,6,75,Moderado
VIV-00848,400.42,True,28,Casa,12,111,Ineficiente
COM-00849,1044.88,False,44,Comercio,12,58,Moderado
VIV-00850,390.43,True,31,Casa,6,42,Ineficiente
VIV-00851,236.68,True,14,Casa,6,89,Eficiente
VIV-00852,343.04,True,12,Casa,6,115,Moderado
VIV-00853,305.63,True,28,Casa,12,83,Moderado
COM-00854,1791.52,False,67,Comercio,12,52,Ineficiente
VIV-00855,411.31,True,31,Casa,6,107,Ineficiente
COM-00856,2138.74,True,37,Comercio,12,118,Moderado
VIV-00857,270.19,True,20,Casa,12,59,Eficiente
VIV-00858,430.74,True,30,Casa,6,106,Ineficiente
VIV-00859,282.7,True,24,Casa,6,59,Moderado
COM-00860,2311.53,False,55,Comercio,12,62,Ineficiente
COM-00861,1498.49,False,34,Comercio,12,189,Eficiente
COM-00862,984.29,False,53,Comercio,12,146,Eficiente
VIV-00863,399.56,True,23,Casa,6,95,Ineficiente
VIV-00864,273.33,True,22,Casa,12,97,Eficiente
COM-00865,974.39,False,48,Comercio,12,136,Eficiente
VIV-00866,364.64,True,20,Casa,6,101,Moderado
VIV-00867,245.63,True,17,Casa,6,101,Eficiente
VIV-00868,359.88,True,15,Casa,6,108,Moderado
COM-00869,806.04,False,29,Comercio,12,89,Eficiente
VIV-00870,272.17,True,29,Casa,12,87,Eficiente
VIV-00871,355.98,True,20,Casa,6,93,Moderado
VIV-00872,313.2,True,26,Casa,12,79,Moderado
VIV-00873,392.44,True,19,Casa,12,110,Ineficiente
VIV-00874,356.0,True,12,Casa,6,43,Moderado
VIV-00875,359.65,True,15,Casa,6,40,Moderado
VIV-00876,394.51,True,24,Casa,12,91,Ineficiente
VIV-00877,302.3,True,24,Casa,12,82,Moderado
VIV-00878,444.76,True,28,Casa,12,57,Ineficiente
VIV-00879,372.81,True,15,Casa,6,103,Ineficiente
COM-00880,2014.84,False,36,Comercio,12,109,Moderado
VIV-00881,394.76,True,27,Casa,12,80,Ineficiente
VIV-00882,374.58,True,17,Casa,12,77,Ineficiente
VIV-00883,252.05,True,15,Casa,6,137,Eficiente
VIV-00884,331.65,True,30,Casa,6,117,Moderado
COM-00885,2120.66,True,50,Comercio,12,92,Ineficiente
VIV-00886,267.84,True,22,Casa,12,92,Eficiente
COM-00887,3315.33,True,55,Comercio,12,200,Moderado
VIV-00888,338.67,True,13,Casa,6,79,Moderado
VIV-00889,414.34,True,28,Casa,6,96,Ineficiente
VIV-00890,369.13,True,16,Casa,6,118,Moderado
COM-00891,1044.19,True,64,Comercio,12,59,Moderado
COM-00892,2183.04,False,58,Comercio,12,187,Eficiente
VIV-00893,231.8,True,19,Casa,12,77,Eficiente
VIV-00894,374.44,True,20,Casa,12,64,Ineficiente
VIV-00895,393.52,True,24,Casa,6,95,Ineficiente
COM-00896,1033.39,True,43,Comercio,12,164,Eficiente
VIV-00897,406.48,True,29,Casa,12,106,Ineficiente
COM-00898,1468.58,True,39,Comercio,12,112,Moderado
VIV-00899,365.69,True,18,Casa,6,107,Moderado
VIV-00900,352.22,True,15,Casa,6,121,Moderado
VIV-00901,402.3,True,27,Casa,6,67,Ineficiente
VIV-00902,244.82,True,17,Casa,6,83,Eficiente
VIV-00903,305.63,True,25,Casa,6,79,Moderado
VIV-00904,381.74,True,18,Casa,12,80,Ineficiente
COM-00905,894.51,False,27,Comercio,12,197,Eficiente
VIV-00906,392.09,True,23,Casa,6,106,Ineficiente
VIV-00907,412.43,True,24,Casa,6,106,Ineficiente
COM-00908,2750.05,False,50,Comercio,12,63,Ineficiente
VIV-00909,443.15,True,31,Casa,12,102,Ineficiente
VIV-00910,339.93,True,12,Casa,6,128,Moderado
VIV-00911,245.97,True,17,Casa,6,88,Eficiente
VIV-00912,413.02,True,24,Casa,6,61,Ineficiente
COM-00913,3121.76,False,31,Comercio,12,108,Ineficiente
VIV-00914,446.74,True,30,Casa,12,123,Ineficiente
VIV-00915,392.0,True,28,Casa,6,179,Ineficiente
VIV-00916,387.27,True,22,Casa,6,105,Ineficiente
COM-00917,2137.24,True,53,Comercio,12,125,Moderado
VIV-00918,417.71,True,27,Casa,12,112,Ineficiente
VIV-00919,383.62,True,30,Casa,6,92,Ineficiente
VIV-00920,243.2,True,24,Casa,6,60,Eficiente
COM-00921,2296.12,False,48,Comercio,12,36,Ineficiente
VIV-00922,397.73,True,19,Casa,6,124,Ineficiente
VIV-00923,393.44,True,31,Casa,6,153,Ineficiente
VIV-00924,255.31,True,26,Casa,12,101,Eficiente
VIV-00925,402.71,True,29,Casa,6,64,Ineficiente
COM-00926,1984.32,True,31,Comercio,12,95,Moderado
VIV-00927,443.21,True,30,Casa,12,63,Ineficiente
VIV-00928,281.71,True,24,Casa,6,58,Moderado
VIV-00929,372.2,True,26,Casa,6,87,Ineficiente
VIV-00930,345.55,True,15,Casa,6,52,Moderado
VIV-00931,396.71,True,21,Casa,12,91,Ineficiente
VIV-00932,246.1,True,16,Casa,6,94,Eficiente
VIV-00933,363.72,True,13,Casa,6,43,Moderado
VIV-00934,373.37,True,21,Casa,6,135,Ineficiente
VIV-00935,379.13,True,27,Casa,6,122,Ineficiente
VIV-00936,351.74,True,14,Casa,12,83,Moderado
COM-00937,1682.75,True,35,Comercio,12,185,Eficiente
VIV-00938,420.48,True,26,Casa,12,77,Ineficiente
VIV-00939,432.79,True,27,Casa,6,60,Ineficiente
VIV-00940,264.77,True,31,Casa,6,93,Eficiente
VIV-00941,385.11,True,17,Casa,6,109,Ineficiente
COM-00942,1715.41,False,68,Comercio,12,200,Eficiente
VIV-00943,290.15,True,29,Casa,6,86,Moderado
VIV-00944,273.29,True,24,Casa,6,74,Eficiente
VIV-00945,371.93,True,24,Casa,6,142,Ineficiente
VIV-00946,304.56,True,26,Casa,6,62,Moderado
COM-00947,1039.07,True,57,Comercio,12,105,Eficiente
VIV-00948,436.54,True,30,Casa,12,96,Ineficiente
VIV-00949,223.25,True,13,Casa,6,120,Eficiente
VIV-00950,296.78,True,26,Casa,6,73,Moderado
VIV-00951,345.06,True,16,Casa,6,74,Moderado
VIV-00952,407.27,True,31,Casa,6,40,Ineficiente
VIV-00953,381.82,True,18,Casa,12,141,Ineficiente
VIV-00954,387.22,True,18,Casa,6,129,Ineficiente
VIV-00955,287.5,True,28,Casa,6,65,Moderado
VIV-00956,365.04,True,22,Casa,6,121,Moderado
VIV-00957,271.65,True,19,Casa,6,100,Eficiente
COM-00958,2653.07,True,46,Comercio,12,135,Moderado
VIV-00959,235.82,True,14,Casa,12,55,Eficiente
COM-00960,2721.79,False,60,Comercio,12,182,Moderado
VIV-00961,347.0,True,12,Casa,12,40,Moderado
VIV-00962,290.74,True,26,Casa,12,57,Moderado
VIV-00963,297.4,True,31,Casa,6,97,Moderado
VIV-00964,213.21,True,12,Casa,6,109,Eficiente
VIV-00965,245.57,True,17,Casa,6,72,Eficiente
VIV-00966,265.5,True,30,Casa,6,113,Eficiente
VIV-00967,280.64,True,20,Casa,12,78,Moderado
COM-00968,2659.05,False,58,Comercio,12,115,Ineficiente
VIV-00969,270.81,True,21,Casa,6,81,Eficiente
VIV-00970,273.72,True,21,Casa,12,90,Eficiente
VIV-00971,267.33,True,23,Casa,6,107,Eficiente
VIV-00972,257.37,True,16,Casa,6,112,Eficiente
VIV-00973,226.01,True,15,Casa,6,72,Eficiente
VIV-00974,251.14,True,18,Casa,6,40,Eficiente
VIV-00975,219.05,True,15,Casa,6,133,Eficiente
VIV-00976,370.26,True,19,Casa,6,85,Moderado
VIV-00977,260.48,True,17,Casa,6,85,Eficiente
VIV-00978,241.58,True,17,Casa,6,86,Eficiente
COM-00979,2334.89,True,61,Comercio,12,111,Moderado
VIV-00980,311.49,True,31,Casa,6,63,Moderado
COM-00981,1559.07,True,36,Comercio,12,109,Moderado
VIV-00982,387.47,True,19,Casa,6,59,Ineficiente
VIV-00983,415.91,True,27,Casa,6,48,Ineficiente
VIV-00984,240.57,True,17,Casa,6,70,Eficiente
VIV-00985,273.75,True,23,Casa,6,129,Eficiente
VIV-00986,342.94,True,14,Casa,6,102,Moderado
VIV-00987,413.41,True,28,Casa,6,87,Ineficiente
VIV-00988,269.36,True,19,Casa,6,70,Eficiente
VIV-00989,223.0,True,13,Casa,6,87,Eficiente
COM-00990,2198.1,True,39,Comercio,12,158,Moderado
VIV-00991,276.48,True,32,Casa,6,102,Moderado
VIV-00992,409.81,True,32,Casa,6,111,Ineficiente
VIV-00993,349.41,True,16,Casa,6,88,Moderado
COM-00994,1185.3,True,68,Comercio,12,150,Eficiente
VIV-00995,355.08,True,16,Casa,6,142,Moderado
VIV-00996,248.75,True,21,Casa,6,96,Eficiente
VIV-00997,386.64,True,30,Casa,6,115,Ineficiente
VIV-00998,293.0,True,28,Casa,6,122,Moderado
VIV-00999,210.65,True,12,Casa,12,151,Eficiente
VIV-01000,375.44,True,26,Casa,6,72,Ineficiente
VIV-01001,379.75,True,29,Casa,6,115,Ineficiente
VIV-01002,363.24,True,22,Casa,6,72,Moderado
VIV-01003,428.45,True,32,Casa,6,60,Ineficiente
COM-01004,1064.93,False,58,Comercio,12,143,Eficiente
VIV-01005,384.3,True,17,Casa,6,79,Ineficiente
VIV-01006,308.97,True,30,Casa,12,106,Moderado
VIV-01007,420.62,True,32,Casa,6,56,Ineficiente
VIV-01008,269.14,True,24,Casa,6,65,Eficiente
COM-01009,938.41,False,48,Comercio,12,92,Eficiente
VIV-01010,246.19,True,15,Casa,12,81,Eficiente
VIV-01011,272.79,True,22,Casa,12,105,Eficiente
COM-01012,2642.83,True,52,Comercio,12,159,Moderado
VIV-01013,267.3,True,26,Casa,6,113,Eficiente
VIV-01014,368.75,True,16,Casa,12,65,Moderado
VIV-01015,388.26,True,22,Casa,12,109,Ineficiente
VIV-01016,250.75,True,20,Casa,6,77,Eficiente
VIV-01017,256.91,True,17,Casa,6,59,Eficiente
VIV-01018,255.61,True,16,Casa,6,132,Eficiente
COM-01019,1083.55,False,39,Comercio,12,120,Eficiente
VIV-01020,377.83,True,25,Casa,6,112,Ineficiente
VIV-01021,287.09,True,31,Casa,6,57,Moderado
COM-01022,2263.95,True,59,Comercio,12,138,Moderado
VIV-01023,273.82,True,30,Casa,12,124,Eficiente
COM-01024,860.76,True,60,Comercio,12,118,Eficiente
VIV-01025,367.97,True,19,Casa,12,79,Moderado
VIV-01026,349.6,True,16,Casa,6,64,Moderado
VIV-01027,280.15,True,20,Casa,6,107,Moderado
VIV-01028,257.04,True,22,Casa,6,100,Eficiente
VIV-01029,350.57,True,18,Casa,6,101,Moderado
VIV-01030,225.72,True,15,Casa,6,94,Eficiente
VIV-01031,232.52,True,14,Casa,6,95,Eficiente
COM-01032,2893.73,True,66,Comercio,12,143,Moderado
VIV-01033,268.21,True,19,Casa,6,118,Eficiente
VIV-01034,399.56,True,25,Casa,6,126,Ineficiente
VIV-01035,252.33,True,16,Casa,6,68,Eficiente
VIV-01036,255.93,True,20,Casa,6,103,Eficiente
VIV-01037,357.62,True,18,Casa,6,110,Moderado
VIV-01038,311.9,True,29,Casa,12,120,Moderado
COM-01039,1691.27,False,67,Comercio,12,87,Moderado
COM-01040,959.37,True,42,Comercio,12,81,Eficiente
VIV-01041,302.0,True,28,Casa,12,76,Moderado
VIV-01042,237.0,True,19,Casa,6,83,Eficiente
VIV-01043,262.22,True,30,Casa,12,55,Eficiente
VIV-01044,385.1,True,29,Casa,6,78,Ineficiente
VIV-01045,264.64,True,31,Casa,6,114,Eficiente
COM-01046,2135.2,False,62,Comercio,12,146,Moderado
VIV-01047,285.98,True,28,Casa,6,63,Moderado
VIV-01048,297.41,True,32,Casa,6,111,Moderado
VIV-01049,300.85,True,29,Casa,6,101,Moderado
VIV-01050,397.85,True,30,Casa,6,90,Ineficiente
VIV-01051,358.58,True,17,Casa,12,96,Moderado
VIV-01052,290.07,True,22,Casa,6,100,Moderado
COM-01053,2913.25,False,73,Comercio,12,183,Moderado
COM-01054,1007.54,True,37,Comercio,12,160,Eficiente
VIV-01055,237.8,True,13,Casa,6,121,Eficiente
VIV-01056,214.56,True,12,Casa,6,67,Eficiente
COM-01057,3422.0,True,68,Comercio,12,89,Ineficiente
COM-01058,1534.15,True,39,Comercio,12,182,Eficiente
VIV-01059,431.17,True,26,Casa,6,117,Ineficiente
VIV-01060,229.55,True,14,Casa,12,115,Eficiente
VIV-01061,226.6,True,17,Casa,12,88,Eficiente
COM-01062,1110.11,True,53,Comercio,12,75,Moderado
VIV-01063,323.08,True,30,Casa,6,81,Moderado
VIV-01064,253.29,True,19,Casa,12,52,Eficiente
COM-01065,950.57,False,39,Comercio,12,116,Eficiente
VIV-01066,399.69,True,32,Casa,6,122,Ineficiente
VIV-01067,256.81,True,16,Casa,12,92,Eficiente
VIV-01068,421.92,True,30,Casa,6,89,Ineficiente
VIV-01069,235.84,True,15,Casa,6,83,Eficiente
VIV-01070,252.21,True,16,Casa,6,107,Eficiente
VIV-01071,392.91,True,20,Casa,12,40,Ineficiente
VIV-01072,415.81,True,25,Casa,6,40,Ineficiente
COM-01073,2736.81,False,40,Comercio,12,148,Moderado
VIV-01074,400.95,True,22,Casa,6,49,Ineficiente
VIV-01075,225.66,True,15,Casa,12,115,Eficiente
VIV-01076,260.27,True,29,Casa,6,63,Eficiente
VIV-01077,305.32,True,27,Casa,12,123,Moderado
VIV-01078,359.31,True,13,Casa,6,116,Moderado
COM-01079,2279.96,True,35,Comercio,12,40,Ineficiente
VIV-01080,217.3,True,14,Casa,6,72,Eficiente
VIV-01081,214.69,True,13,Casa,12,61,Eficiente
VIV-01082,429.32,True,29,Casa,12,85,Ineficiente
VIV-01083,271.71,True,24,Casa,6,112,Eficiente
COM-01084,1023.26,True,54,Comercio,12,172,Eficiente
COM-01085,1237.57,False,58,Comercio,12,159,Eficiente
VIV-01086,314.69,True,32,Casa,6,72,Moderado
COM-01087,1615.73,False,38,Comercio,12,155,Eficiente
VIV-01088,373.39,True,18,Casa,6,90,Ineficiente
COM-01089,1024.41,True,51,Comercio,12,77,Moderado
VIV-01090,234.9,True,17,Casa,6,106,Eficiente
COM-01091,1728.47,False,59,Comercio,12,184,Eficiente
VIV-01092,241.92,True,22,Casa,6,76,Eficiente
VIV-01093,375.86,True,27,Casa,6,130,Ineficiente
VIV-01094,404.66,True,27,Casa,12,101,Ineficiente
VIV-01095,390.42,True,30,Casa,6,58,Ineficiente
VIV-01096,251.12,True,24,Casa,6,76,Eficiente
VIV-01097,425.66,True,26,Casa,6,77,Ineficiente
VIV-01098,350.35,True,13,Casa,6,56,Moderado
VIV-01099,247.01,True,23,Casa,12,133,Eficiente
VIV-01100,221.74,True,15,Casa,6,114,Eficiente
VIV-01101,417.08,True,24,Casa,6,72,Ineficiente
COM-01102,3182.81,True,45,Comercio,12,116,Ineficiente
VIV-01103,254.47,True,20,Casa,12,58,Eficiente
VIV-01104,335.61,True,32,Casa,6,63,Moderado
COM-01105,784.91,False,38,Comercio,12,70,Eficiente
VIV-01106,368.33,True,21,Casa,6,140,Moderado
VIV-01107,325.85,True,31,Casa,6,97,Moderado
VIV-01108,267.95,True,25,Casa,6,100,Eficiente
VIV-01109,396.05,True,32,Casa,6,78,Ineficiente
VIV-01110,363.74,True,18,Casa,12,40,Moderado
VIV-01111,444.78,True,32,Casa,6,89,Ineficiente
COM-01112,1509.23,True,43,Comercio,12,38,Ineficiente
VIV-01113,345.31,True,14,Casa,6,68,Moderado
VIV-01114,234.59,True,13,Casa,12,118,Eficiente
VIV-01115,282.53,True,21,Casa,12,115,Moderado
VIV-01116,273.11,True,20,Casa,12,81,Eficiente
VIV-01117,396.46,True,25,Casa,6,102,Ineficiente
COM-01118,1760.4,False,64,Comercio,12,140,Eficiente
COM-01119,1158.08,False,62,Comercio,12,60,Moderado
COM-01120,2765.39,True,70,Comercio,12,94,Ineficiente
COM-01121,2162.32,False,46,Comercio,12,84,Ineficiente
VIV-01122,246.72,True,15,Casa,6,137,Eficiente
VIV-01123,268.63,True,18,Casa,6,40,Eficiente
COM-01124,2913.43,False,59,Comercio,12,62,Ineficiente
VIV-01125,424.95,True,29,Casa,6,106,Ineficiente
VIV-01126,230.47,True,14,Casa,12,66,Eficiente
VIV-01127,376.99,True,27,Casa,6,56,Ineficiente
VIV-01128,231.61,True,14,Casa,6,123,Eficiente
COM-01129,2035.58,False,32,Comercio,12,149,Moderado
VIV-01130,270.41,True,30,Casa,6,65,Eficiente
VIV-01131,228.96,True,12,Casa,6,50,Eficiente
VIV-01132,280.56,True,29,Casa,6,40,Moderado
VIV-01133,270.81,True,22,Casa,6,50,Eficiente
COM-01134,2116.55,True,47,Comercio,12,111,Moderado
VIV-01135,419.84,True,29,Casa,6,118,Ineficiente
VIV-01136,356.39,True,13,Casa,6,101,Moderado
VIV-01137,219.29,True,13,Casa,6,70,Eficiente
VIV-01138,380.68,True,20,Casa,6,101,Ineficiente
COM-01139,846.07,False,52,Comercio,12,143,Eficiente
VIV-01140,252.92,True,15,Casa,12,140,Eficiente
COM-01141,2618.89,False,44,Comercio,12,147,Moderado
COM-01142,2017.45,True,48,Comercio,12,58,Ineficiente
COM-01143,1141.64,True,52,Comercio,12,129,Eficiente
VIV-01144,375.91,True,18,Casa,6,57,Ineficiente
VIV-01145,254.1,True,16,Casa,12,105,Eficiente
VIV-01146,239.25,True,20,Casa,6,121,Eficiente
VIV-01147,340.2,True,12,Casa,6,90,Moderado
VIV-01148,362.84,True,19,Casa,12,138,Moderado
VIV-01149,384.41,True,19,Casa,6,70,Ineficiente
COM-01150,2484.33,True,35,Comercio,12,97,Ineficiente
VIV-01151,310.45,True,29,Casa,6,62,Moderado
VIV-01152,297.41,True,32,Casa,6,52,Moderado
COM-01153,1986.3,True,30,Comercio,12,176,Eficiente
VIV-01154,355.08,True,16,Casa,6,79,Moderado
VIV-01155,251.83,True,23,Casa,6,103,Eficiente
VIV-01156,244.84,True,16,Casa,12,94,Eficiente
COM-01157,1502.6,False,41,Comercio,12,131,Eficiente
VIV-01158,302.18,True,27,Casa,6,112,Moderado
VIV-01159,361.16,True,20,Casa,12,87,Moderado
VIV-01160,286.96,True,24,Casa,6,42,Moderado
VIV-01161,253.98,True,22,Casa,6,140,Eficiente
VIV-01162,354.27,True,19,Casa,6,58,Moderado
COM-01163,1513.9,True,46,Comercio,12,116,Moderado
VIV-01164,287.46,True,22,Casa,6,87,Moderado
VIV-01165,233.9,True,20,Casa,6,92,Eficiente
COM-01166,983.22,True,54,Comercio,12,132,Eficiente
COM-01167,1095.83,True,34,Comercio,12,88,Eficiente
VIV-01168,393.13,True,23,Casa,6,109,Ineficiente
VIV-01169,346.83,True,15,Casa,6,124,Moderado
COM-01170,2245.59,False,45,Comercio,12,103,Moderado
VIV-01171,286.92,True,30,Casa,6,43,Moderado
VIV-01172,276.26,True,24,Casa,6,106,Eficiente
COM-01173,1095.64,False,54,Comercio,12,83,Moderado
COM-01174,1095.95,True,65,Comercio,12,175,Eficiente
VIV-01175,241.92,True,14,Casa,6,109,Eficiente
VIV-01176,236.9,True,16,Casa,6,119,Eficiente
VIV-01177,416.68,True,28,Casa,12,68,Ineficiente
COM-01178,2882.03,True,60,Comercio,12,93,Ineficiente
VIV-01179,221.57,True,15,Casa,12,107,Eficiente
VIV-01180,255.74,True,25,Casa,6,77,Eficiente
VIV-01181,345.47,True,32,Casa,6,67,Moderado
VIV-01182,307.39,True,25,Casa,12,72,Moderado
COM-01183,965.03,False,36,Comercio,12,160,Eficiente
VIV-01184,226.91,True,13,Casa,6,86,Eficiente
VIV-01185,387.54,True,32,Casa,6,130,Ineficiente
VIV-01186,369.27,True,22,Casa,6,74,Moderado
VIV-01187,440.08,True,28,Casa,12,59,Ineficiente
VIV-01188,405.45,True,28,Casa,12,90,Ineficiente
COM-01189,1592.11,False,34,Comercio,12,65,Ineficiente
VIV-01190,230.31,True,17,Casa,6,90,Eficiente
VIV-01191,428.04,True,32,Casa,6,113,Ineficiente
VIV-01192,455.03,True,31,Casa,6,110,Ineficiente
VIV-01193,390.39,True,21,Casa,6,94,Ineficiente
VIV-01194,355.05,True,12,Casa,6,98,Moderado
VIV-01195,381.71,True,27,Casa,6,75,Ineficiente
COM-01196,2241.47,False,57,Comercio,12,96,Ineficiente
VIV-01197,337.09,True,13,Casa,12,115,Moderado
VIV-01198,374.36,True,20,Casa,6,81,Ineficiente
VIV-01199,318.29,True,30,Casa,12,95,Moderado
VIV-01200,430.61,True,30,Casa,6,40,Ineficiente
VIV-01201,276.17,True,24,Casa,12,62,Eficiente
VIV-01202,282.27,True,21,Casa,6,112,Moderado
COM-01203,2061.01,False,46,Comercio,12,152,Moderado
VIV-01204,342.5,True,15,Casa,6,65,Moderado
VIV-01205,232.52,True,20,Casa,6,110,Eficiente
VIV-01206,427.09,True,30,Casa,12,121,Ineficiente
VIV-01207,382.27,True,21,Casa,6,96,Ineficiente
VIV-01208,257.43,True,28,Casa,6,109,Eficiente
COM-01209,890.76,False,33,Comercio,12,151,Eficiente
VIV-01210,379.31,True,17,Casa,6,91,Ineficiente
VIV-01211,276.2,True,21,Casa,12,93,Eficiente
VIV-01212,281.72,True,25,Casa,6,40,Moderado
COM-01213,1540.58,True,39,Comercio,12,43,Ineficiente
COM-01214,920.72,False,58,Comercio,12,177,Eficiente
VIV-01215,386.21,True,25,Casa,12,103,Ineficiente
VIV-01216,266.98,True,26,Casa,12,119,Eficiente
VIV-01217,240.82,True,19,Casa,12,61,Eficiente
VIV-01218,366.7,True,14,Casa,12,127,Moderado
VIV-01219,352.08,True,18,Casa,6,118,Moderado
VIV-01220,371.64,True,15,Casa,12,66,Ineficiente
VIV-01221,251.5,True,25,Casa,12,105,Eficiente
VIV-01222,340.4,True,14,Casa,6,71,Moderado
VIV-01223,226.89,True,12,Casa,6,78,Eficiente
VIV-01224,420.32,True,31,Casa,12,85,Ineficiente
COM-01225,1692.37,True,57,Comercio,12,176,Eficiente
VIV-01226,368.76,True,21,Casa,6,109,Moderado
VIV-01227,265.65,True,20,Casa,6,123,Eficiente
VIV-01228,257.19,True,28,Casa,6,66,Eficiente
VIV-01229,229.45,True,14,Casa,6,57,Eficiente
VIV-01230,360.29,True,15,Casa,6,68,Moderado
VIV-01231,370.66,True,18,Casa,6,137,Moderado
VIV-01232,352.44,True,12,Casa,6,60,Moderado
VIV-01233,290.48,True,27,Casa,12,73,Moderado
VIV-01234,431.66,True,27,Casa,12,99,Ineficiente
VIV-01235,342.29,True,14,Casa,12,153,Moderado
VIV-01236,316.58,True,31,Casa,6,107,Moderado
VIV-01237,339.39,True,32,Casa,6,56,Moderado
VIV-01238,241.34,True,23,Casa,6,125,Eficiente
COM-01239,2141.69,False,46,Comercio,12,157,Moderado
VIV-01240,380.84,True,29,Casa,6,119,Ineficiente
VIV-01241,275.57,True,29,Casa,12,80,Eficiente
VIV-01242,280.36,True,28,Casa,6,74,Moderado
VIV-01243,406.67,True,30,Casa,12,91,Ineficiente
VIV-01244,260.38,True,21,Casa,6,71,Eficiente
VIV-01245,340.34,True,12,Casa,12,95,Moderado
VIV-01246,282.82,True,23,Casa,6,75,Moderado
VIV-01247,370.73,True,21,Casa,6,67,Moderado
VIV-01248,344.16,True,12,Casa,6,88,Moderado
VIV-01249,385.77,True,21,Casa,6,92,Ineficiente
COM-01250,1675.66,False,57,Comercio,12,127,Moderado
VIV-01251,264.95,True,25,Casa,6,70,Eficiente
VIV-01252,415.72,True,23,Casa,6,76,Ineficiente
VIV-01253,246.73,True,14,Casa,6,57,Eficiente
VIV-01254,365.78,True,14,Casa,12,83,Moderado
VIV-01255,255.97,True,19,Casa,6,106,Eficiente
VIV-01256,382.8,True,25,Casa,6,126,Ineficiente
VIV-01257,288.31,True,28,Casa,12,140,Moderado
COM-01258,1580.99,True,67,Comercio,12,106,Moderado
COM-01259,2773.51,False,55,Comercio,12,31,Ineficiente
VIV-01260,365.62,True,20,Casa,12,107,Moderado
VIV-01261,370.73,True,21,Casa,6,103,Moderado
VIV-01262,374.51,True,15,Casa,6,103,Ineficiente
COM-01263,985.87,True,47,Comercio,12,58,Moderado
COM-01264,1910.08,True,32,Comercio,12,38,Ineficiente
VIV-01265,410.14,True,23,Casa,6,87,Ineficiente
VIV-01266,293.58,True,28,Casa,6,84,Moderado
COM-01267,2227.43,False,46,Comercio,12,74,Ineficiente
VIV-01268,378.77,True,28,Casa,12,112,Ineficiente
VIV-01269,237.85,True,13,Casa,12,67,Eficiente
COM-01270,2623.03,True,38,Comercio,12,92,Ineficiente
COM-01271,1045.58,False,58,Comercio,12,200,Eficiente
VIV-01272,249.91,True,18,Casa,12,76,Eficiente
VIV-01273,257.8,True,20,Casa,6,40,Eficiente
VIV-01274,256.39,True,26,Casa,12,81,Eficiente
VIV-01275,382.14,True,17,Casa,12,101,Ineficiente
VIV-01276,383.03,True,20,Casa,12,95,Ineficiente
COM-01277,2444.33,True,28,Comercio,12,109,Moderado
VIV-01278,415.43,True,23,Casa,6,70,Ineficiente
COM-01279,3375.99,True,54,Comercio,12,101,Ineficiente
VIV-01280,380.74,True,18,Casa,6,115,Ineficiente
COM-01281,1441.0,True,28,Comercio,12,116,Eficiente
COM-01282,2010.38,True,39,Comercio,12,79,Ineficiente
VIV-01283,225.34,True,14,Casa,6,131,Eficiente
COM-01284,3265.97,True,58,Comercio,12,134,Ineficiente
VIV-01285,363.19,True,20,Casa,6,66,Moderado
COM-01286,2119.33,False,55,Comercio,12,118,Moderado
VIV-01287,440.81,True,31,Casa,6,57,Ineficiente
VIV-01288,257.54,True,28,Casa,6,40,Eficiente
VIV-01289,442.32,True,29,Casa,6,63,Ineficiente
VIV-01290,427.62,True,29,Casa,12,71,Ineficiente
COM-01291,2778.16,False,43,Comercio,12,139,Moderado
VIV-01292,366.71,True,21,Casa,6,71,Moderado
VIV-01293,229.09,True,12,Casa,6,49,Eficiente
COM-01294,2680.98,False,60,Comercio,12,70,Ineficiente
VIV-01295,354.84,True,20,Casa,6,43,Moderado
VIV-01296,390.61,True,19,Casa,6,91,Ineficiente
COM-01297,3301.99,False,37,Comercio,12,127,Ineficiente
COM-01298,2212.81,True,36,Comercio,12,180,Eficiente
COM-01299,2050.99,True,49,Comercio,12,162,Eficiente
VIV-01300,407.25,True,22,Casa,6,115,Ineficiente
VIV-01301,283.58,True,23,Casa,6,72,Moderado
COM-01302,1575.58,False,34,Comercio,12,117,Moderado
VIV-01303,278.29,True,20,Casa,6,81,Moderado
VIV-01304,240.77,True,23,Casa,6,125,Eficiente
VIV-01305,364.22,True,19,Casa,6,83,Moderado
VIV-01306,267.99,True,23,Casa,6,84,Eficiente
COM-01307,2114.21,False,67,Comercio,12,154,Moderado
VIV-01308,389.54,True,23,Casa,6,92,Ineficiente
COM-01309,1588.61,True,45,Comercio,12,58,Ineficiente
VIV-01310,366.61,True,15,Casa,6,93,Moderado
VIV-01311,272.75,True,28,Casa,6,111,Eficiente
VIV-01312,236.79,True,12,Casa,6,88,Eficiente
VIV-01313,219.34,True,15,Casa,12,50,Eficiente
VIV-01314,261.25,True,26,Casa,6,93,Eficiente
COM-01315,2157.7,True,65,Comercio,12,126,Moderado
VIV-01316,235.62,True,19,Casa,6,74,Eficiente
VIV-01317,422.66,True,27,Casa,6,40,Ineficiente
VIV-01318,406.04,True,21,Casa,12,147,Ineficiente
VIV-01319,372.13,True,25,Casa,12,61,Ineficiente
VIV-01320,248.17,True,19,Casa,12,78,Eficiente
VIV-01321,414.01,True,24,Casa,6,115,Ineficiente
VIV-01322,265.68,True,26,Casa,12,82,Eficiente
COM-01323,2418.92,True,71,Comercio,12,39,Ineficiente
VIV-01324,385.0,True,30,Casa,6,128,Ineficiente
VIV-01325,348.77,True,14,Casa,6,80,Moderado
COM-01326,1594.77,False,55,Comercio,12,118,Moderado
VIV-01327,361.44,True,16,Casa,12,94,Moderado
VIV-01328,355.03,True,18,Casa,12,121,Moderado
VIV-01329,302.13,True,32,Casa,6,92,Moderado
VIV-01330,238.32,True,21,Casa,6,97,Eficiente
VIV-01331,391.71,True,23,Casa,6,106,Ineficiente
COM-01332,1163.88,False,64,Comercio,12,124,Eficiente
VIV-01333,363.99,True,19,Casa,6,92,Moderado
VIV-01334,269.81,True,19,Casa,6,99,Eficiente
VIV-01335,269.55,True,27,Casa,6,76,Eficiente
VIV-01336,408.49,True,28,Casa,6,100,Ineficiente
COM-01337,2044.49,False,38,Comercio,12,156,Moderado
COM-01338,1573.34,False,41,Comercio,12,130,Eficiente
VIV-01339,373.95,True,22,Casa,6,60,Ineficiente
VIV-01340,366.48,True,17,Casa,12,104,Moderado
COM-01341,1183.23,True,69,Comercio,12,189,Eficiente
VIV-01342,331.27,True,30,Casa,6,83,Moderado
VIV-01343,338.56,True,14,Casa,6,78,Moderado
VIV-01344,238.36,True,14,Casa,6,113,Eficiente
COM-01345,2275.28,False,37,Comercio,12,49,Ineficiente
VIV-01346,343.8,True,12,Casa,6,82,Moderado
COM-01347,1568.19,False,52,Comercio,12,84,Moderado
VIV-01348,256.1,True,17,Casa,12,40,Eficiente
VIV-01349,405.63,True,32,Casa,6,110,Ineficiente
VIV-01350,247.64,True,21,Casa,12,68,Eficiente
COM-01351,2596.79,False,50,Comercio,12,120,Moderado
VIV-01352,344.66,True,32,Casa,6,98,Moderado
VIV-01353,240.06,True,19,Casa,6,54,Eficiente
VIV-01354,339.03,True,31,Casa,12,97,Moderado
VIV-01355,352.71,True,12,Casa,6,62,Moderado
VIV-01356,225.54,True,12,Casa,6,147,Eficiente
VIV-01357,277.05,True,21,Casa,6,65,Moderado
VIV-01358,428.11,True,29,Casa,6,81,Ineficiente
VIV-01359,303.05,True,26,Casa,6,107,Moderado
VIV-01360,404.95,True,25,Casa,6,87,Ineficiente
COM-01361,2560.41,False,35,Comercio,12,38,Ineficiente
COM-01362,1485.22,True,50,Comercio,12,54,Ineficiente
COM-01363,1397.28,True,59,Comercio,12,142,Eficiente
COM-01364,1777.41,False,47,Comercio,12,184,Eficiente
VIV-01365,277.16,True,24,Casa,12,81,Moderado
VIV-01366,381.35,True,28,Casa,6,45,Ineficiente
VIV-01367,421.97,True,32,Casa,6,90,Ineficiente
VIV-01368,351.17,True,16,Casa,6,111,Moderado
VIV-01369,273.35,True,20,Casa,6,101,Eficiente
COM-01370,2100.48,False,56,Comercio,12,46,Ineficiente
VIV-01371,331.15,True,30,Casa,6,137,Moderado
COM-01372,1603.85,True,62,Comercio,12,116,Moderado
COM-01373,1138.3,True,44,Comercio,12,110,Eficiente
COM-01374,2834.3,False,60,Comercio,12,52,Ineficiente
VIV-01375,341.29,True,13,Casa,6,97,Moderado
VIV-01376,424.7,True,24,Casa,6,81,Ineficiente
VIV-01377,398.76,True,24,Casa,12,67,Ineficiente
COM-01378,1649.71,False,37,Comercio,12,56,Ineficiente
COM-01379,1096.04,False,51,Comercio,12,141,Eficiente
COM-01380,1032.91,False,52,Comercio,12,180,Eficiente
VIV-01381,375.8,True,24,Casa,6,87,Ineficiente
VIV-01382,229.34,True,13,Casa,6,117,Eficiente
COM-01383,3502.78,False,62,Comercio,12,160,Moderado
VIV-01384,395.42,True,29,Casa,6,111,Ineficiente
VIV-01385,391.61,True,31,Casa,12,102,Ineficiente
VIV-01386,278.87,True,31,Casa,6,108,Moderado
VIV-01387,365.9,True,15,Casa,12,103,Moderado
VIV-01388,274.14,True,22,Casa,6,96,Eficiente
COM-01389,929.81,True,42,Comercio,12,123,Eficiente
VIV-01390,361.08,True,14,Casa,6,50,Moderado
VIV-01391,280.15,True,20,Casa,6,40,Moderado
VIV-01392,305.53,True,26,Casa,12,92,Moderado
VIV-01393,414.36,True,30,Casa,12,89,Ineficiente
VIV-01394,394.91,True,25,Casa,6,113,Ineficiente
VIV-01395,352.89,True,12,Casa,6,92,Moderado
COM-01396,2234.26,True,47,Comercio,12,34,Ineficiente
VIV-01397,338.32,True,13,Casa,12,135,Moderado
VIV-01398,233.6,True,14,Casa,6,145,Eficiente
VIV-01399,378.94,True,18,Casa,6,103,Ineficiente
COM-01400,2135.52,True,42,Comercio,12,39,Ineficiente
VIV-01401,423.9,True,27,Casa,12,107,Ineficiente
COM-01402,2038.09,True,47,Comercio,12,92,Moderado
COM-01403,2194.24,False,55,Comercio,12,69,Ineficiente
VIV-01404,359.37,True,12,Casa,12,72,Moderado
VIV-01405,248.54,True,18,Casa,12,100,Eficiente
VIV-01406,394.29,True,20,Casa,12,40,Ineficiente
VIV-01407,328.59,True,32,Casa,6,126,Moderado
VIV-01408,304.18,True,30,Casa,6,101,Moderado
VIV-01409,403.88,True,32,Casa,6,105,Ineficiente
VIV-01410,370.01,True,18,Casa,6,67,Moderado
COM-01411,3075.7,True,35,Comercio,12,68,Ineficiente
VIV-01412,309.26,True,27,Casa,6,68,Moderado
COM-01413,951.88,False,34,Comercio,12,41,Ineficiente
VIV-01414,249.94,True,25,Casa,12,80,Eficiente
VIV-01415,258.01,True,28,Casa,6,90,Eficiente
VIV-01416,274.71,True,19,Casa,6,73,Eficiente
VIV-01417,268.36,True,19,Casa,12,93,Eficiente
VIV-01418,369.42,True,19,Casa,6,77,Moderado
VIV-01419,355.46,True,16,Casa,6,83,Moderado
VIV-01420,396.64,True,29,Casa,12,134,Ineficiente
COM-01421,1057.18,False,36,Comercio,12,165,Eficiente
VIV-01422,355.01,True,16,Casa,12,92,Moderado
VIV-01423,240.43,True,13,Casa,12,81,Eficiente
VIV-01424,364.41,True,22,Casa,6,105,Moderado
COM-01425,2616.55,False,38,Comercio,12,64,Ineficiente
VIV-01426,403.73,True,21,Casa,6,71,Ineficiente
VIV-01427,304.31,True,27,Casa,6,75,Moderado
VIV-01428,387.65,True,30,Casa,6,40,Ineficiente
COM-01429,2079.85,False,47,Comercio,12,94,Moderado
VIV-01430,369.34,True,20,Casa,6,81,Moderado
COM-01431,2283.08,True,38,Comercio,12,120,Moderado
VIV-01432,216.43,True,14,Casa,12,83,Eficiente
VIV-01433,377.76,True,19,Casa,6,150,Ineficiente
VIV-01434,311.69,True,26,Casa,6,51,Moderado
VIV-01435,237.78,True,16,Casa,6,87,Eficiente
COM-01436,2234.68,True,63,Comercio,12,70,Ineficiente
COM-01437,2653.48,False,36,Comercio,12,147,Moderado
VIV-01438,228.55,True,13,Casa,12,121,Eficiente
COM-01439,2118.19,False,38,Comercio,12,145,Moderado
VIV-01440,376.97,True,21,Casa,12,82,Ineficiente
VIV-01441,386.71,True,21,Casa,12,100,Ineficiente
COM-01442,2150.46,True,65,Comercio,12,177,Eficiente
COM-01443,965.0,True,49,Comercio,12,41,Ineficiente
VIV-01444,247.25,True,18,Casa,6,54,Eficiente
VIV-01445,306.05,True,32,Casa,12,59,Moderado
VIV-01446,419.65,True,24,Casa,6,60,Ineficiente
COM-01447,958.48,True,37,Comercio,12,89,Eficiente
COM-01448,2504.25,True,29,Comercio,12,145,Moderado
VIV-01449,356.69,True,17,Casa,6,61,Moderado
COM-01450,1566.01,True,55,Comercio,12,169,Eficiente
VIV-01451,426.04,True,27,Casa,6,117,Ineficiente
VIV-01452,280.04,True,21,Casa,12,86,Moderado
VIV-01453,211.72,True,12,Casa,6,83,Eficiente
COM-01454,2253.96,False,39,Comercio,12,80,Ineficiente
VIV-01455,360.88,True,17,Casa,6,86,Moderado
COM-01456,2253.35,True,37,Comercio,12,150,Moderado
VIV-01457,266.3,True,25,Casa,6,106,Eficiente
COM-01458,957.76,False,32,Comercio,12,82,Eficiente
COM-01459,1241.36,False,56,Comercio,12,48,Ineficiente
VIV-01460,351.69,True,15,Casa,6,69,Moderado
VIV-01461,366.67,True,16,Casa,6,50,Moderado
VIV-01462,227.66,True,18,Casa,12,62,Eficiente
COM-01463,2281.9,True,66,Comercio,12,72,Ineficiente
COM-01464,2620.9,False,51,Comercio,12,115,Ineficiente
VIV-01465,444.47,True,30,Casa,6,116,Ineficiente
VIV-01466,382.8,True,25,Casa,6,130,Ineficiente
COM-01467,2562.71,False,51,Comercio,12,198,Moderado
VIV-01468,260.33,True,30,Casa,12,158,Eficiente
VIV-01469,351.63,True,14,Casa,6,66,Moderado
COM-01470,985.83,False,57,Comercio,12,181,Eficiente
VIV-01471,342.27,True,15,Casa,6,48,Moderado
VIV-01472,381.89,True,19,Casa,6,116,Ineficiente
VIV-01473,254.98,True,24,Casa,12,98,Eficiente
COM-01474,1708.61,True,43,Comercio,12,188,Eficiente
VIV-01475,231.62,True,18,Casa,6,130,Eficiente
VIV-01476,247.18,True,18,Casa,12,53,Eficiente
COM-01477,1707.84,False,53,Comercio,12,152,Eficiente
VIV-01478,239.52,True,19,Casa,12,40,Eficiente
VIV-01479,417.01,True,30,Casa,6,102,Ineficiente
VIV-01480,226.69,True,16,Casa,6,100,Eficiente
VIV-01481,440.57,True,30,Casa,12,53,Ineficiente
VIV-01482,240.72,True,13,Casa,6,73,Eficiente
COM-01483,1323.0,True,29,Comercio,12,150,Eficiente
VIV-01484,272.93,True,30,Casa,6,103,Eficiente
COM-01485,2384.75,True,70,Comercio,12,140,Moderado
VIV-01486,222.36,True,13,Casa,12,83,Eficiente
VIV-01487,362.68,True,13,Casa,12,88,Moderado
VIV-01488,373.16,True,17,Casa,12,111,Ineficiente
VIV-01489,315.79,True,29,Casa,6,109,Moderado
VIV-01490,294.48,True,30,Casa,6,82,Moderado
COM-01491,2081.75,False,34,Comercio,12,128,Moderado
VIV-01492,282.82,True,28,Casa,6,108,Moderado
VIV-01493,307.69,True,27,Casa,6,40,Moderado
VIV-01494,342.07,True,14,Casa,12,82,Moderado
VIV-01495,220.41,True,12,Casa,6,109,Eficiente
VIV-01496,404.53,True,25,Casa,6,62,Ineficiente
VIV-01497,356.09,True,12,Casa,6,63,Moderado
VIV-01498,413.89,True,29,Casa,6,122,Ineficiente
COM-01499,2561.8,True,31,Comercio,12,49,Ineficiente
VIV-01500,244.91,True,15,Casa,6,86,Eficiente
VIV-01501,278.19,True,22,Casa,6,92,Moderado
VIV-01502,360.01,True,13,Casa,6,53,Moderado
COM-01503,2898.0,False,71,Comercio,12,177,Moderado
COM-01504,1455.86,True,43,Comercio,12,88,Moderado
VIV-01505,264.65,True,21,Casa,12,89,Eficiente
VIV-01506,417.41,True,29,Casa,12,44,Ineficiente
VIV-01507,275.83,True,23,Casa,6,77,Eficiente
VIV-01508,329.4,True,32,Casa,6,109,Moderado
VIV-01509,246.4,True,14,Casa,6,92,Eficiente
VIV-01510,259.13,True,18,Casa,6,73,Eficiente
VIV-01511,241.59,True,19,Casa,12,83,Eficiente
COM-01512,1681.93,False,47,Comercio,12,43,Ineficiente
COM-01513,2040.84,True,47,Comercio,12,199,Eficiente
VIV-01514,275.09,True,28,Casa,12,125,Eficiente
VIV-01515,352.93,True,14,Casa,6,114,Moderado
COM-01516,2364.84,False,70,Comercio,12,88,Ineficiente
VIV-01517,271.81,True,20,Casa,6,75,Eficiente
VIV-01518,414.37,True,25,Casa,12,107,Ineficiente
COM-01519,1964.36,True,41,Comercio,12,187,Eficiente
COM-01520,2349.65,False,63,Comercio,12,53,Ineficiente
VIV-01521,294.45,True,25,Casa,6,40,Moderado
VIV-01522,227.23,True,14,Casa,12,112,Eficiente
COM-01523,1041.8,False,55,Comercio,12,58,Moderado
COM-01524,1535.33,False,44,Comercio,12,55,Ineficiente
VIV-01525,341.99,True,13,Casa,6,40,Moderado
VIV-01526,266.28,True,21,Casa,6,70,Eficiente
VIV-01527,374.66,True,21,Casa,6,103,Ineficiente
VIV-01528,277.3,True,31,Casa,6,79,Moderado
VIV-01529,287.89,True,27,Casa,6,109,Moderado
VIV-01530,288.47,True,26,Casa,6,81,Moderado
VIV-01531,418.05,True,32,Casa,6,94,Ineficiente
VIV-01532,264.24,True,30,Casa,6,76,Eficiente
COM-01533,1617.83,True,54,Comercio,12,56,Ineficiente
COM-01534,1500.33,False,43,Comercio,12,154,Eficiente
VIV-01535,296.1,True,27,Casa,6,98,Moderado
VIV-01536,262.16,True,19,Casa,6,140,Eficiente
COM-01537,2055.42,False,48,Comercio,12,119,Moderado
VIV-01538,252.01,True,25,Casa,12,89,Eficiente
VIV-01539,387.55,True,19,Casa,6,54,Ineficiente
VIV-01540,423.18,True,30,Casa,6,65,Ineficiente
VIV-01541,393.24,True,29,Casa,6,62,Ineficiente
VIV-01542,400.5,True,27,Casa,6,76,Ineficiente
VIV-01543,441.72,True,29,Casa,12,97,Ineficiente
VIV-01544,346.39,True,14,Casa,12,40,Moderado
VIV-01545,245.74,True,18,Casa,6,103,Eficiente
VIV-01546,288.76,True,25,Casa,6,48,Moderado
VIV-01547,235.62,True,19,Casa,12,70,Eficiente
VIV-01548,376.32,True,28,Casa,6,130,Ineficiente
VIV-01549,384.48,True,18,Casa,6,95,Ineficiente
VIV-01550,241.06,True,16,Casa,6,137,Eficiente
COM-01551,2185.29,True,68,Comercio,12,73,Ineficiente
VIV-01552,265.61,True,18,Casa,6,109,Eficiente
VIV-01553,370.98,True,21,Casa,12,67,Ineficiente
VIV-01554,395.89,True,24,Casa,6,99,Ineficiente
COM-01555,2212.7,True,36,Comercio,12,153,Moderado
VIV-01556,307.5,True,28,Casa,6,69,Moderado
VIV-01557,328.73,True,32,Casa,6,76,Moderado
VIV-01558,270.72,True,21,Casa,6,77,Eficiente
VIV-01559,266.98,True,18,Casa,6,62,Eficiente
VIV-01560,378.86,True,25,Casa,6,151,Ineficiente
VIV-01561,237.33,True,12,Casa,12,78,Eficiente
VIV-01562,363.42,True,22,Casa,6,101,Moderado
COM-01563,1039.3,False,39,Comercio,12,106,Eficiente
VIV-01564,254.81,True,17,Casa,6,55,Eficiente
VIV-01565,387.31,True,28,Casa,6,87,Ineficiente
COM-01566,2211.83,True,54,Comercio,12,169,Moderado
COM-01567,2172.35,True,67,Comercio,12,39,Ineficiente
COM-01568,1580.09,False,49,Comercio,12,56,Ineficiente
VIV-01569,265.46,True,19,Casa,12,75,Eficiente
COM-01570,2247.55,False,57,Comercio,12,157,Moderado
VIV-01571,425.77,True,26,Casa,12,83,Ineficiente
COM-01572,2017.85,True,61,Comercio,12,94,Moderado
COM-01573,2372.85,False,65,Comercio,12,82,Ineficiente
COM-01574,1829.93,False,65,Comercio,12,139,Moderado
COM-01575,972.79,False,53,Comercio,12,101,Eficiente
VIV-01576,292.96,True,31,Casa,6,43,Moderado
COM-01577,2378.44,False,67,Comercio,12,99,Ineficiente
COM-01578,1763.85,False,71,Comercio,12,196,Eficiente
VIV-01579,328.46,True,31,Casa,12,87,Moderado
COM-01580,1015.56,True,48,Comercio,12,33,Ineficiente
VIV-01581,251.49,True,21,Casa,6,86,Eficiente
COM-01582,2789.41,False,45,Comercio,12,174,Moderado
COM-01583,1776.03,False,69,Comercio,12,37,Ineficiente
COM-01584,2248.2,True,62,Comercio,12,141,Moderado
VIV-01585,353.57,True,13,Casa,6,79,Moderado
COM-01586,2324.57,True,47,Comercio,12,131,Moderado
VIV-01587,262.44,True,26,Casa,6,66,Eficiente
COM-01588,1986.7,False,42,Comercio,12,110,Moderado
VIV-01589,402.59,True,29,Casa,6,68,Ineficiente
VIV-01590,297.13,True,32,Casa,6,99,Moderado
COM-01591,3278.17,True,46,Comercio,12,59,Ineficiente
VIV-01592,248.49,True,22,Casa,12,117,Eficiente
VIV-01593,216.05,True,12,Casa,6,131,Eficiente
VIV-01594,353.33,True,15,Casa,6,60,Moderado
VIV-01595,269.21,True,31,Casa,6,55,Eficiente
COM-01596,2161.4,False,63,Comercio,12,93,Ineficiente
VIV-01597,368.41,True,25,Casa,6,80,Moderado
COM-01598,2786.85,False,41,Comercio,12,157,Moderado
VIV-01599,293.85,True,30,Casa,6,88,Moderado
VIV-01600,390.76,True,19,Casa,12,40,Ineficiente
VIV-01601,279.71,True,23,Casa,6,129,Moderado
VIV-01602,388.28,True,25,Casa,12,125,Ineficiente
VIV-01603,234.0,True,16,Casa,12,133,Eficiente
VIV-01604,371.81,True,15,Casa,6,70,Ineficiente
VIV-01605,356.49,True,13,Casa,12,72,Moderado
COM-01606,1937.66,False,37,Comercio,12,197,Eficiente
COM-01607,935.65,False,53,Comercio,12,142,Eficiente
VIV-01608,377.22,True,21,Casa,6,94,Ineficiente
COM-01609,1494.29,True,39,Comercio,12,37,Ineficiente
VIV-01610,366.05,True,19,Casa,6,114,Moderado
VIV-01611,250.7,True,18,Casa,6,101,Eficiente
VIV-01612,387.97,True,25,Casa,12,86,Ineficiente
VIV-01613,278.37,True,20,Casa,6,96,Moderado
VIV-01614,308.62,True,31,Casa,6,95,Moderado
COM-01615,2194.83,False,45,Comercio,12,127,Moderado
VIV-01616,426.97,True,31,Casa,6,108,Ineficiente
VIV-01617,258.36,True,20,Casa,12,123,Eficiente
VIV-01618,363.6,True,22,Casa,6,83,Moderado
VIV-01619,375.93,True,23,Casa,6,77,Ineficiente
VIV-01620,279.02,True,20,Casa,6,135,Moderado
VIV-01621,213.74,True,13,Casa,6,112,Eficiente
VIV-01622,429.58,True,25,Casa,6,70,Ineficiente
VIV-01623,341.46,True,12,Casa,6,110,Moderado
VIV-01624,374.72,True,25,Casa,12,66,Ineficiente
COM-01625,1011.09,False,65,Comercio,12,174,Eficiente
VIV-01626,313.35,True,28,Casa,6,100,Moderado
VIV-01627,384.87,True,19,Casa,6,106,Ineficiente
VIV-01628,233.39,True,14,Casa,6,101,Eficiente
VIV-01629,368.31,True,16,Casa,12,139,Moderado
VIV-01630,237.28,True,16,Casa,6,40,Eficiente
VIV-01631,382.68,True,26,Casa,6,121,Ineficiente
COM-01632,1976.12,False,38,Comercio,12,43,Ineficiente
VIV-01633,381.33,True,29,Casa,12,56,Ineficiente
COM-01634,1316.41,True,39,Comercio,12,167,Eficiente
VIV-01635,377.31,True,25,Casa,6,122,Ineficiente
VIV-01636,307.84,True,31,Casa,6,80,Moderado
VIV-01637,272.36,True,27,Casa,6,96,Eficiente
VIV-01638,296.5,True,30,Casa,6,98,Moderado
VIV-01639,406.55,True,21,Casa,6,88,Ineficiente
VIV-01640,242.8,True,17,Casa,6,94,Eficiente
VIV-01641,273.99,True,24,Casa,6,150,Eficiente
VIV-01642,324.54,True,31,Casa,12,74,Moderado
VIV-01643,284.49,True,21,Casa,6,105,Moderado
VIV-01644,224.73,True,12,Casa,6,83,Eficiente
VIV-01645,358.73,True,20,Casa,6,96,Moderado
COM-01646,2037.49,True,35,Comercio,12,99,Moderado
VIV-01647,420.62,True,32,Casa,12,82,Ineficiente
VIV-01648,384.73,True,20,Casa,6,67,Ineficiente
VIV-01649,439.85,True,28,Casa,6,109,Ineficiente
VIV-01650,450.98,True,31,Casa,6,79,Ineficiente
VIV-01651,316.44,True,32,Casa,6,95,Moderado
COM-01652,1593.81,True,65,Comercio,12,114,Moderado
COM-01653,3380.75,True,38,Comercio,12,154,Moderado
VIV-01654,380.65,True,28,Casa,6,104,Ineficiente
VIV-01655,369.79,True,17,Casa,6,86,Moderado
VIV-01656,268.78,True,28,Casa,6,86,Eficiente
COM-01657,3352.78,True,59,Comercio,12,171,Moderado
VIV-01658,254.74,True,18,Casa,12,62,Eficiente
VIV-01659,423.83,True,26,Casa,12,78,Ineficiente
VIV-01660,400.59,True,22,Casa,12,64,Ineficiente
VIV-01661,247.67,True,25,Casa,6,105,Eficiente
VIV-01662,300.14,True,31,Casa,6,83,Moderado
VIV-01663,234.17,True,19,Casa,12,127,Eficiente
VIV-01664,306.44,True,29,Casa,6,97,Moderado
VIV-01665,389.36,True,27,Casa,6,89,Ineficiente
VIV-01666,309.02,True,28,Casa,6,118,Moderado
VIV-01667,421.88,True,26,Casa,12,103,Ineficiente
VIV-01668,378.9,True,26,Casa,12,114,Ineficiente
VIV-01669,235.66,True,15,Casa,6,89,Eficiente
VIV-01670,440.01,True,29,Casa,12,59,Ineficiente
VIV-01671,391.22,True,31,Casa,6,73,Ineficiente
VIV-01672,278.64,True,32,Casa,6,136,Moderado
VIV-01673,273.34,True,28,Casa,6,86,Eficiente
COM-01674,2589.28,False,44,Comercio,12,46,Ineficiente
VIV-01675,262.22,True,26,Casa,12,89,Eficiente
VIV-01676,222.64,True,14,Casa,6,87,Eficiente
COM-01677,1542.42,False,61,Comercio,12,159,Eficiente
VIV-01678,295.59,True,25,Casa,6,127,Moderado
COM-01679,861.24,True,45,Comercio,12,60,Moderado
VIV-01680,297.97,True,26,Casa,6,57,Moderado
VIV-01681,373.1,True,18,Casa,12,136,Ineficiente
VIV-01682,435.16,True,29,Casa,6,108,Ineficiente
VIV-01683,230.62,True,13,Casa,12,92,Eficiente
COM-01684,1704.67,False,44,Comercio,12,50,Ineficiente
VIV-01685,372.91,True,20,Casa,6,59,Ineficiente
VIV-01686,403.42,True,26,Casa,6,62,Ineficiente
VIV-01687,409.82,True,30,Casa,6,74,Ineficiente
VIV-01688,440.46,True,32,Casa,6,110,Ineficiente
COM-01689,2394.52,False,57,Comercio,12,130,Moderado
COM-01690,2357.55,False,49,Comercio,12,152,Moderado
VIV-01691,229.32,True,18,Casa,6,87,Eficiente
VIV-01692,347.92,True,17,Casa,6,47,Moderado
VIV-01693,434.91,True,29,Casa,6,106,Ineficiente
VIV-01694,274.79,True,23,Casa,6,103,Eficiente
COM-01695,2196.52,True,39,Comercio,12,65,Ineficiente
VIV-01696,262.58,True,17,Casa,6,40,Eficiente
COM-01697,873.35,False,62,Comercio,12,132,Eficiente
COM-01698,3150.89,False,65,Comercio,12,41,Ineficiente
VIV-01699,445.86,True,32,Casa,6,70,Ineficiente
COM-01700,2100.96,True,70,Comercio,12,198,Eficiente
COM-01701,1142.55,False,61,Comercio,12,103,Eficiente
VIV-01702,273.75,True,25,Casa,12,40,Eficiente
VIV-01703,289.91,True,23,Casa,12,64,Moderado
VIV-01704,233.5,True,18,Casa,6,88,Eficiente
VIV-01705,229.81,True,19,Casa,12,95,Eficiente
VIV-01706,238.57,True,14,Casa,12,116,Eficiente
VIV-01707,364.37,True,19,Casa,6,80,Moderado
VIV-01708,296.66,True,27,Casa,12,130,Moderado
COM-01709,2059.56,False,38,Comercio,12,50,Ineficiente
VIV-01710,374.26,True,18,Casa,6,67,Ineficiente
COM-01711,2730.14,True,40,Comercio,12,100,Ineficiente
VIV-01712,416.29,True,24,Casa,6,78,Ineficiente
VIV-01713,226.91,True,13,Casa,6,111,Eficiente
VIV-01714,393.51,True,23,Casa,12,73,Ineficiente
VIV-01715,417.19,True,31,Casa,12,97,Ineficiente
VIV-01716,243.34,True,17,Casa,6,64,Eficiente
VIV-01717,309.71,True,27,Casa,12,68,Moderado
VIV-01718,253.22,True,16,Casa,12,66,Eficiente
VIV-01719,371.25,True,22,Casa,12,112,Ineficiente
VIV-01720,278.64,True,22,Casa,12,88,Moderado
VIV-01721,366.43,True,15,Casa,6,127,Moderado
VIV-01722,385.99,True,17,Casa,12,50,Ineficiente
VIV-01723,380.89,True,19,Casa,6,91,Ineficiente
VIV-01724,287.14,True,28,Casa,6,88,Moderado
VIV-01725,394.94,True,20,Casa,12,65,Ineficiente
VIV-01726,245.44,True,15,Casa,6,85,Eficiente
VIV-01727,293.22,True,30,Casa,6,105,Moderado
COM-01728,1404.32,True,42,Comercio,12,55,Ineficiente
VIV-01729,440.94,True,31,Casa,12,94,Ineficiente
VIV-01730,402.53,True,28,Casa,6,121,Ineficiente
VIV-01731,363.54,True,21,Casa,6,81,Moderado
VIV-01732,343.08,True,12,Casa,6,119,Moderado
VIV-01733,289.43,True,29,Casa,6,74,Moderado
VIV-01734,237.06,True,14,Casa,6,58,Eficiente
COM-01735,1982.74,True,53,Comercio,12,194,Eficiente
COM-01736,1710.09,True,70,Comercio,12,130,Moderado
VIV-01737,403.6,True,25,Casa,6,109,Ineficiente
COM-01738,1987.85,True,33,Comercio,12,40,Ineficiente
COM-01739,2004.63,False,44,Comercio,12,58,Ineficiente
VIV-01740,259.33,True,30,Casa,12,120,Eficiente
VIV-01741,230.23,True,13,Casa,6,90,Eficiente
VIV-01742,244.19,True,19,Casa,6,58,Eficiente
VIV-01743,395.35,True,21,Casa,6,58,Ineficiente
COM-01744,2298.01,True,56,Comercio,12,68,Ineficiente
VIV-01745,358.0,True,20,Casa,6,118,Moderado
COM-01746,2581.03,False,35,Comercio,12,96,Ineficiente
VIV-01747,358.69,True,12,Casa,12,74,Moderado
VIV-01748,371.77,True,16,Casa,12,108,Ineficiente
VIV-01749,383.22,True,28,Casa,6,94,Ineficiente
COM-01750,2086.19,True,54,Comercio,12,111,Moderado
VIV-01751,281.77,True,26,Casa,6,113,Moderado
VIV-01752,299.65,True,30,Casa,6,79,Moderado
VIV-01753,232.68,True,16,Casa,6,79,Eficiente
VIV-01754,437.41,True,31,Casa,12,100,Ineficiente
VIV-01755,289.82,True,23,Casa,6,91,Moderado
VIV-01756,265.68,True,32,Casa,6,84,Eficiente
VIV-01757,350.28,True,14,Casa,12,110,Moderado
COM-01758,1982.59,False,39,Comercio,12,199,Eficiente
VIV-01759,251.23,True,15,Casa,12,58,Eficiente
VIV-01760,234.0,True,12,Casa,6,129,Eficiente
VIV-01761,421.61,True,25,Casa,6,117,Ineficiente
VIV-01762,381.83,True,27,Casa,12,58,Ineficiente
COM-01763,1636.8,False,34,Comercio,12,30,Ineficiente
VIV-01764,296.78,True,26,Casa,6,40,Moderado
COM-01765,884.16,False,37,Comercio,12,141,Eficiente
VIV-01766,386.03,True,21,Casa,6,70,Ineficiente
COM-01767,839.88,False,30,Comercio,12,38,Moderado
VIV-01768,374.78,True,17,Casa,6,57,Ineficiente
VIV-01769,234.26,True,15,Casa,6,96,Eficiente
COM-01770,1612.26,True,69,Comercio,12,36,Ineficiente
VIV-01771,253.67,True,25,Casa,12,119,Eficiente
VIV-01772,407.75,True,21,Casa,6,105,Ineficiente
VIV-01773,267.64,True,25,Casa,12,125,Eficiente
VIV-01774,321.41,True,31,Casa,6,81,Moderado
VIV-01775,286.02,True,22,Casa,12,149,Moderado
VIV-01776,276.21,True,22,Casa,6,72,Eficiente
VIV-01777,396.48,True,20,Casa,6,40,Ineficiente
VIV-01778,292.16,True,27,Casa,6,87,Moderado
VIV-01779,244.77,True,16,Casa,12,61,Eficiente
COM-01780,1760.71,True,68,Comercio,12,86,Moderado
VIV-01781,267.68,True,19,Casa,12,86,Eficiente
VIV-01782,283.04,True,31,Casa,6,106,Moderado
VIV-01783,251.93,True,15,Casa,6,76,Eficiente
VIV-01784,397.61,True,29,Casa,12,68,Ineficiente
VIV-01785,252.45,True,27,Casa,6,80,Eficiente
COM-01786,2178.59,False,44,Comercio,12,56,Ineficiente
VIV-01787,221.13,True,14,Casa,6,77,Eficiente
VIV-01788,367.16,True,20,Casa,6,76,Moderado
VIV-01789,304.88,True,27,Casa,6,67,Moderado
VIV-01790,233.41,True,12,Casa,6,113,Eficiente
VIV-01791,396.64,True,20,Casa,6,121,Ineficiente
COM-01792,2373.3,True,62,Comercio,12,148,Moderado
VIV-01793,438.43,True,30,Casa,12,81,Ineficiente
VIV-01794,275.49,True,22,Casa,6,80,Eficiente
COM-01795,1438.13,False,53,Comercio,12,125,Eficiente
COM-01796,2172.44,True,53,Comercio,12,129,Moderado
COM-01797,2249.19,False,55,Comercio,12,85,Ineficiente
VIV-01798,364.52,True,17,Casa,6,93,Moderado
COM-01799,1052.95,False,52,Comercio,12,126,Eficiente
VIV-01800,389.79,True,30,Casa,6,67,Ineficiente
VIV-01801,253.69,True,26,Casa,6,90,Eficiente
COM-01802,3131.03,True,44,Comercio,12,117,Ineficiente
COM-01803,1599.79,True,65,Comercio,12,68,Ineficiente
VIV-01804,322.23,True,29,Casa,12,75,Moderado
VIV-01805,324.0,True,32,Casa,6,61,Moderado
VIV-01806,301.8,True,25,Casa,12,77,Moderado
VIV-01807,226.35,True,12,Casa,12,131,Eficiente
VIV-01808,267.95,True,26,Casa,6,68,Eficiente
VIV-01809,217.21,True,13,Casa,6,117,Eficiente
VIV-01810,267.3,True,26,Casa,6,99,Eficiente
COM-01811,1007.42,True,37,Comercio,12,185,Eficiente
COM-01812,2653.5,False,59,Comercio,12,158,Moderado
VIV-01813,294.14,True,31,Casa,12,109,Moderado
VIV-01814,444.07,True,31,Casa,12,94,Ineficiente
VIV-01815,217.76,True,12,Casa,12,96,Eficiente
COM-01816,2682.86,True,55,Comercio,12,108,Ineficiente
COM-01817,2299.82,True,45,Comercio,12,86,Ineficiente
VIV-01818,363.76,True,19,Casa,12,115,Moderado
COM-01819,739.71,False,23,Comercio,12,48,Moderado
VIV-01820,396.5,True,26,Casa,6,76,Ineficiente
VIV-01821,253.46,True,17,Casa,6,148,Eficiente
COM-01822,1752.1,False,70,Comercio,12,108,Moderado
VIV-01823,439.89,True,29,Casa,12,74,Ineficiente
COM-01824,2078.16,True,36,Comercio,12,59,Ineficiente
VIV-01825,412.61,True,25,Casa,12,102,Ineficiente
VIV-01826,285.34,True,26,Casa,6,94,Moderado
VIV-01827,392.27,True,32,Casa,6,92,Ineficiente
VIV-01828,246.37,True,15,Casa,6,98,Eficiente
VIV-01829,397.8,True,25,Casa,6,98,Ineficiente
COM-01830,1058.22,True,49,Comercio,12,76,Moderado
COM-01831,2120.4,True,67,Comercio,12,198,Eficiente
COM-01832,2188.66,True,52,Comercio,12,98,Moderado
VIV-01833,300.24,True,25,Casa,6,101,Moderado
COM-01834,2105.54,True,32,Comercio,12,121,Moderado
VIV-01835,218.99,True,15,Casa,6,123,Eficiente
VIV-01836,339.12,True,12,Casa,6,80,Moderado
VIV-01837,236.07,True,13,Casa,6,102,Eficiente
VIV-01838,407.79,True,32,Casa,12,123,Ineficiente
VIV-01839,296.22,True,31,Casa,6,116,Moderado
VIV-01840,252.98,True,15,Casa,6,94,Eficiente
COM-01841,1045.85,True,62,Comercio,12,141,Eficiente
COM-01842,966.89,False,35,Comercio,12,43,Moderado
VIV-01843,374.81,True,24,Casa,6,117,Ineficiente
VIV-01844,287.93,True,23,Casa,6,85,Moderado
VIV-01845,436.82,True,32,Casa,12,94,Ineficiente
VIV-01846,441.72,True,29,Casa,12,40,Ineficiente
VIV-01847,236.87,True,21,Casa,6,149,Eficiente
COM-01848,2153.59,True,36,Comercio,12,181,Eficiente
VIV-01849,238.6,True,19,Casa,6,84,Eficiente
VIV-01850,304.23,True,28,Casa,6,101,Moderado
VIV-01851,299.73,True,25,Casa,6,105,Moderado
COM-01852,2193.48,True,42,Comercio,12,94,Ineficiente
COM-01853,1370.03,False,54,Comercio,12,119,Eficiente
VIV-01854,358.27,True,14,Casa,6,100,Moderado
COM-01855,1155.31,True,68,Comercio,12,80,Moderado
COM-01856,2323.08,False,39,Comercio,12,169,Moderado
COM-01857,3034.8,False,39,Comercio,12,118,Ineficiente
VIV-01858,403.52,True,24,Casa,6,75,Ineficiente
VIV-01859,359.51,True,12,Casa,6,66,Moderado
VIV-01860,222.79,True,16,Casa,6,99,Eficiente
VIV-01861,369.47,True,15,Casa,6,77,Moderado
VIV-01862,370.12,True,21,Casa,6,95,Moderado
VIV-01863,240.97,True,21,Casa,6,57,Eficiente
COM-01864,1720.31,False,70,Comercio,12,53,Ineficiente
COM-01865,1723.25,False,59,Comercio,12,42,Ineficiente
COM-01866,1599.94,False,33,Comercio,12,77,Moderado
VIV-01867,265.63,True,23,Casa,6,75,Eficiente
COM-01868,2391.74,False,69,Comercio,12,94,Ineficiente
VIV-01869,228.9,True,16,Casa,6,75,Eficiente
VIV-01870,349.79,True,12,Casa,6,107,Moderado
VIV-01871,356.41,True,19,Casa,6,100,Moderado
COM-01872,1131.23,False,65,Comercio,12,89,Eficiente
VIV-01873,226.02,True,13,Casa,6,74,Eficiente
VIV-01874,355.61,True,15,Casa,6,62,Moderado
COM-01875,1580.42,True,44,Comercio,12,154,Eficiente
VIV-01876,393.29,True,19,Casa,12,100,Ineficiente
COM-01877,2095.14,True,58,Comercio,12,58,Ineficiente
VIV-01878,275.85,True,27,Casa,6,100,Eficiente
VIV-01879,263.59,True,18,Casa,6,105,Eficiente
COM-01880,1536.94,True,51,Comercio,12,102,Moderado
VIV-01881,418.75,True,31,Casa,6,95,Ineficiente
VIV-01882,439.89,True,29,Casa,6,95,Ineficiente
VIV-01883,373.73,True,16,Casa,12,74,Ineficiente
VIV-01884,394.24,True,26,Casa,6,74,Ineficiente
VIV-01885,378.67,True,23,Casa,6,112,Ineficiente
VIV-01886,285.88,True,26,Casa,6,73,Moderado
VIV-01887,380.14,True,27,Casa,6,104,Ineficiente
COM-01888,1134.87,False,61,Comercio,12,99,Eficiente
VIV-01889,323.18,True,28,Casa,6,103,Moderado
COM-01890,939.49,False,58,Comercio,12,69,Moderado
VIV-01891,369.23,True,14,Casa,6,96,Moderado
COM-01892,1032.22,True,47,Comercio,12,192,Eficiente
VIV-01893,226.77,True,15,Casa,6,99,Eficiente
VIV-01894,378.22,True,18,Casa,6,46,Ineficiente
VIV-01895,242.24,True,14,Casa,6,75,Eficiente
COM-01896,2138.69,True,56,Comercio,12,128,Moderado
VIV-01897,394.49,True,21,Casa,6,43,Ineficiente
COM-01898,3215.78,True,53,Comercio,12,196,Moderado
VIV-01899,444.1,True,30,Casa,6,51,Ineficiente
COM-01900,3300.46,False,48,Comercio,12,38,Ineficiente
VIV-01901,455.03,True,31,Casa,6,119,Ineficiente
COM-01902,1009.07,False,64,Comercio,12,95,Eficiente
VIV-01903,272.4,True,25,Casa,6,121,Eficiente
COM-01904,1792.4,False,56,Comercio,12,152,Eficiente
VIV-01905,401.07,True,23,Casa,6,91,Ineficiente
VIV-01906,445.11,True,31,Casa,6,107,Ineficiente
VIV-01907,221.57,True,15,Casa,6,76,Eficiente
COM-01908,2214.72,True,34,Comercio,12,45,Ineficiente
COM-01909,2171.64,False,61,Comercio,12,184,Eficiente
VIV-01910,322.06,True,31,Casa,12,112,Moderado
COM-01911,1985.32,True,40,Comercio,12,126,Moderado
VIV-01912,278.64,True,22,Casa,6,76,Moderado
VIV-01913,385.46,True,20,Casa,6,77,Ineficiente
VIV-01914,397.73,True,28,Casa,6,82,Ineficiente
VIV-01915,388.08,True,22,Casa,6,74,Ineficiente
COM-01916,1486.97,False,47,Comercio,12,41,Ineficiente
VIV-01917,252.14,True,19,Casa,12,106,Eficiente
VIV-01918,326.73,True,29,Casa,6,54,Moderado
VIV-01919,408.96,True,24,Casa,6,76,Ineficiente
VIV-01920,291.14,True,23,Casa,12,130,Moderado
COM-01921,2133.65,True,53,Comercio,12,40,Ineficiente
VIV-01922,270.95,True,32,Casa,6,135,Eficiente
VIV-01923,308.26,True,29,Casa,12,88,Moderado
VIV-01924,256.61,True,27,Casa,6,82,Eficiente
VIV-01925,235.2,True,15,Casa,12,68,Eficiente
VIV-01926,396.15,True,25,Casa,6,77,Ineficiente
COM-01927,1684.45,True,36,Comercio,12,77,Moderado
COM-01928,902.27,True,49,Comercio,12,63,Moderado
VIV-01929,233.21,True,17,Casa,6,57,Eficiente
VIV-01930,293.76,True,26,Casa,6,99,Moderado
VIV-01931,241.98,True,15,Casa,6,85,Eficiente
VIV-01932,232.74,True,16,Casa,6,119,Eficiente
VIV-01933,357.6,True,20,Casa,12,40,Moderado
VIV-01934,408.38,True,27,Casa,12,81,Ineficiente
VIV-01935,303.04,True,29,Casa,6,120,Moderado
COM-01936,2020.23,False,31,Comercio,12,169,Eficiente
VIV-01937,353.67,True,13,Casa,6,131,Moderado
COM-01938,2051.5,False,49,Comercio,12,134,Moderado
VIV-01939,235.37,True,15,Casa,12,120,Eficiente
VIV-01940,227.74,True,18,Casa,6,106,Eficiente
VIV-01941,379.96,True,21,Casa,6,128,Ineficiente
VIV-01942,240.79,True,14,Casa,6,75,Eficiente
VIV-01943,430.89,True,31,Casa,6,95,Ineficiente
VIV-01944,270.56,True,27,Casa,6,71,Eficiente
VIV-01945,216.52,True,13,Casa,12,95,Eficiente
COM-01946,1499.11,False,41,Comercio,12,38,Ineficiente
COM-01947,2074.43,False,52,Comercio,12,52,Ineficiente
COM-01948,1692.67,True,59,Comercio,12,106,Moderado
VIV-01949,375.8,True,24,Casa,6,107,Ineficiente
COM-01950,2139.82,True,61,Comercio,12,154,Moderado
COM-01951,1039.33,False,36,Comercio,12,150,Eficiente
COM-01952,1244.8,False,59,Comercio,12,184,Eficiente
VIV-01953,260.72,True,21,Casa,12,51,Eficiente
VIV-01954,246.24,True,22,Casa,6,91,Eficiente
COM-01955,1378.78,True,33,Comercio,12,114,Eficiente
VIV-01956,349.97,True,16,Casa,6,82,Moderado
VIV-01957,253.8,True,15,Casa,12,61,Eficiente
COM-01958,1050.23,False,46,Comercio,12,198,Eficiente
VIV-01959,262.42,True,31,Casa,12,86,Eficiente
COM-01960,796.1,False,29,Comercio,12,192,Eficiente
VIV-01961,321.14,True,29,Casa,6,99,Moderado
VIV-01962,410.99,True,23,Casa,12,105,Ineficiente
VIV-01963,252.59,True,17,Casa,6,134,Eficiente
VIV-01964,393.97,True,20,Casa,6,92,Ineficiente
VIV-01965,352.44,True,12,Casa,12,131,Moderado
VIV-01966,357.25,True,14,Casa,12,99,Moderado
COM-01967,2232.86,True,37,Comercio,12,54,Ineficiente
VIV-01968,333.15,True,31,Casa,6,85,Moderado
VIV-01969,246.32,True,25,Casa,12,92,Eficiente
COM-01970,1605.67,False,34,Comercio,12,176,Eficiente
COM-01971,2077.34,False,57,Comercio,12,171,Eficiente
VIV-01972,227.21,True,12,Casa,6,112,Eficiente
VIV-01973,285.55,True,25,Casa,6,73,Moderado
VIV-01974,359.41,True,14,Casa,6,95,Moderado
VIV-01975,307.58,True,26,Casa,12,93,Moderado
VIV-01976,243.53,True,21,Casa,6,72,Eficiente
VIV-01977,237.36,True,15,Casa,6,110,Eficiente
VIV-01978,298.12,True,27,Casa,6,123,Moderado
VIV-01979,271.88,True,19,Casa,6,56,Eficiente
VIV-01980,318.47,True,29,Casa,12,88,Moderado
VIV-01981,298.8,True,27,Casa,12,116,Moderado
VIV-01982,466.52,True,32,Casa,12,77,Ineficiente
VIV-01983,410.65,True,26,Casa,12,109,Ineficiente
VIV-01984,267.48,True,18,Casa,12,56,Eficiente
VIV-01985,307.58,True,26,Casa,6,138,Moderado
VIV-01986,381.47,True,28,Casa,6,103,Ineficiente
VIV-01987,393.3,True,21,Casa,6,82,Ineficiente
COM-01988,2639.3,True,64,Comercio,12,100,Ineficiente
VIV-01989,350.04,True,16,Casa,6,77,Moderado
VIV-01990,394.43,True,32,Casa,6,68,Ineficiente
VIV-01991,215.28,True,13,Casa,6,104,Eficiente
COM-01992,883.66,False,29,Comercio,12,193,Eficiente
VIV-01993,240.82,True,19,Casa,12,55,Eficiente
VIV-01994,282.82,True,32,Casa,12,94,Moderado
VIV-01995,367.72,True,14,Casa,12,114,Moderado
VIV-01996,307.58,True,31,Casa,12,87,Moderado
COM-01997,1187.41,True,56,Comercio,12,162,Eficiente
VIV-01998,434.25,True,27,Casa,6,105,Ineficiente
VIV-01999,366.58,True,23,Casa,6,97,Moderado
COM-02000,3316.67,True,57,Comercio,12,88,Ineficiente
COM-02001,1139.13,True,62,Comercio,12,194,Eficiente
VIV-02002,219.05,True,15,Casa,12,92,Eficiente
VIV-02003,277.68,True,25,Casa,6,125,Moderado
COM-02004,988.34,False,61,Comercio,12,49,Moderado
VIV-02005,387.41,True,32,Casa,6,90,Ineficiente
COM-02006,2723.09,False,65,Comercio,12,53,Ineficiente
COM-02007,2057.85,True,45,Comercio,12,93,Moderado
COM-02008,1414.24,False,40,Comercio,12,64,Moderado
VIV-02009,399.07,True,29,Casa,6,77,Ineficiente
VIV-02010,352.63,True,13,Casa,12,77,Moderado
VIV-02011,353.66,True,19,Casa,6,57,Moderado
VIV-02012,269.02,True,21,Casa,6,111,Eficiente
COM-02013,1401.3,False,28,Comercio,12,115,Eficiente
VIV-02014,301.71,True,24,Casa,12,107,Moderado
VIV-02015,391.95,True,22,Casa,6,77,Ineficiente
VIV-02016,307.26,True,26,Casa,6,138,Moderado
VIV-02017,403.9,True,21,Casa,6,54,Ineficiente
VIV-02018,352.62,True,12,Casa,12,90,Moderado
VIV-02019,223.91,True,15,Casa,6,96,Eficiente
VIV-02020,289.44,True,22,Casa,12,87,Moderado
VIV-02021,387.0,True,26,Casa,6,95,Ineficiente
COM-02022,1995.7,True,62,Comercio,12,48,Ineficiente
VIV-02023,386.78,True,26,Casa,6,57,Ineficiente
VIV-02024,290.76,True,29,Casa,12,97,Moderado
COM-02025,1127.66,False,45,Comercio,12,117,Eficiente
VIV-02026,367.56,True,18,Casa,6,116,Moderado
VIV-02027,272.53,True,23,Casa,6,115,Eficiente
COM-02028,3158.46,False,44,Comercio,12,73,Ineficiente
VIV-02029,258.12,True,25,Casa,12,79,Eficiente
VIV-02030,225.89,True,15,Casa,6,90,Eficiente
COM-02031,2340.0,True,68,Comercio,12,145,Moderado
COM-02032,1430.75,True,30,Comercio,12,62,Ineficiente
COM-02033,2291.22,True,37,Comercio,12,102,Moderado
VIV-02034,232.77,True,20,Casa,12,50,Eficiente
VIV-02035,247.99,True,16,Casa,6,81,Eficiente
VIV-02036,301.05,True,27,Casa,6,104,Moderado
VIV-02037,391.34,True,24,Casa,6,60,Ineficiente
VIV-02038,249.63,True,24,Casa,12,76,Eficiente
COM-02039,771.23,True,28,Comercio,12,196,Eficiente
VIV-02040,380.25,True,22,Casa,6,67,Ineficiente
VIV-02041,372.15,True,22,Casa,6,115,Ineficiente
COM-02042,1027.56,False,53,Comercio,12,116,Eficiente
VIV-02043,230.49,True,12,Casa,6,111,Eficiente
VIV-02044,268.34,True,18,Casa,6,118,Eficiente
VIV-02045,282.65,True,25,Casa,12,103,Moderado
VIV-02046,228.2,True,16,Casa,12,63,Eficiente
COM-02047,2918.03,False,61,Comercio,12,141,Moderado
VIV-02048,396.98,True,25,Casa,6,68,Ineficiente
COM-02049,1383.08,False,32,Comercio,12,148,Eficiente
VIV-02050,391.0,True,26,Casa,12,76,Ineficiente
COM-02051,2191.46,True,46,Comercio,12,33,Ineficiente
VIV-02052,255.71,True,27,Casa,12,106,Eficiente
COM-02053,1031.97,True,41,Comercio,12,140,Eficiente
VIV-02054,253.4,True,16,Casa,12,97,Eficiente
COM-02055,1788.07,False,66,Comercio,12,198,Eficiente
COM-02056,2571.41,True,33,Comercio,12,185,Moderado
VIV-02057,231.55,True,18,Casa,6,90,Eficiente
VIV-02058,399.53,True,26,Casa,12,128,Ineficiente
VIV-02059,246.7,True,20,Casa,6,77,Eficiente
VIV-02060,452.29,True,30,Casa,6,102,Ineficiente
VIV-02061,288.78,True,23,Casa,6,115,Moderado
VIV-02062,278.34,True,31,Casa,6,68,Moderado
VIV-02063,242.44,True,16,Casa,6,70,Eficiente
VIV-02064,235.01,True,14,Casa,6,78,Eficiente
VIV-02065,372.02,True,20,Casa,12,40,Ineficiente
VIV-02066,260.42,True,17,Casa,6,95,Eficiente
VIV-02067,382.27,True,19,Casa,6,145,Ineficiente
COM-02068,1539.19,False,47,Comercio,12,198,Eficiente
VIV-02069,353.2,True,12,Casa,6,51,Moderado
VIV-02070,379.66,True,26,Casa,6,95,Ineficiente
VIV-02071,270.68,True,20,Casa,12,110,Eficiente
VIV-02072,284.05,True,23,Casa,6,67,Moderado
VIV-02073,246.16,True,16,Casa,6,136,Eficiente
VIV-02074,231.11,True,19,Casa,6,97,Eficiente
COM-02075,1812.38,True,64,Comercio,12,104,Moderado
COM-02076,2551.71,False,44,Comercio,12,37,Ineficiente
VIV-02077,304.44,True,31,Casa,6,40,Moderado
VIV-02078,452.81,True,31,Casa,12,94,Ineficiente
VIV-02079,361.39,True,13,Casa,6,59,Moderado
VIV-02080,376.2,True,22,Casa,6,57,Ineficiente
VIV-02081,422.52,True,29,Casa,6,105,Ineficiente
VIV-02082,450.9,True,30,Casa,12,75,Ineficiente
VIV-02083,397.04,True,19,Casa,6,100,Ineficiente
VIV-02084,427.61,True,25,Casa,6,79,Ineficiente
VIV-02085,390.48,True,20,Casa,12,124,Ineficiente
VIV-02086,357.09,True,16,Casa,6,82,Moderado
VIV-02087,374.26,True,26,Casa,6,72,Ineficiente
COM-02088,939.58,True,53,Comercio,12,169,Eficiente
VIV-02089,403.08,True,25,Casa,6,42,Ineficiente
VIV-02090,321.31,True,28,Casa,12,42,Moderado
COM-02091,2515.78,False,37,Comercio,12,102,Ineficiente
VIV-02092,222.79,True,12,Casa,12,130,Eficiente
VIV-02093,383.34,True,19,Casa,12,40,Ineficiente
VIV-02094,289.93,True,24,Casa,6,116,Moderado
VIV-02095,420.88,True,32,Casa,12,96,Ineficiente
COM-02096,2482.3,False,38,Comercio,12,50,Ineficiente
VIV-02097,394.92,True,28,Casa,12,100,Ineficiente
VIV-02098,239.6,True,21,Casa,12,86,Eficiente
VIV-02099,241.89,True,19,Casa,6,85,Eficiente
COM-02100,1713.19,True,58,Comercio,12,141,Eficiente
VIV-02101,360.85,True,13,Casa,12,142,Moderado
VIV-02102,268.06,True,25,Casa,6,127,Eficiente
VIV-02103,272.93,True,27,Casa,6,68,Eficiente
COM-02104,2372.2,True,62,Comercio,12,190,Eficiente
VIV-02105,359.38,True,20,Casa,6,70,Moderado
COM-02106,926.53,True,58,Comercio,12,71,Moderado
VIV-02107,275.05,True,20,Casa,6,132,Eficiente
VIV-02108,394.13,True,26,Casa,6,80,Ineficiente
VIV-02109,219.6,True,12,Casa,6,105,Eficiente
VIV-02110,352.82,True,14,Casa,12,91,Moderado
COM-02111,3161.16,True,35,Comercio,12,53,Ineficiente
VIV-02112,357.13,True,13,Casa,6,94,Moderado
COM-02113,1080.43,True,52,Comercio,12,73,Moderado
VIV-02114,347.11,True,17,Casa,6,118,Moderado
COM-02115,2065.33,True,60,Comercio,12,108,Moderado
COM-02116,1809.83,True,66,Comercio,12,200,Eficiente
COM-02117,2268.76,False,41,Comercio,12,66,Ineficiente
VIV-02118,446.74,True,30,Casa,6,83,Ineficiente
COM-02119,2212.38,False,36,Comercio,12,79,Ineficiente
VIV-02120,256.37,True,16,Casa,6,59,Eficiente
VIV-02121,365.98,True,16,Casa,6,62,Moderado
VIV-02122,333.99,True,12,Casa,6,114,Moderado
COM-02123,939.39,True,53,Comercio,12,124,Eficiente
VIV-02124,342.97,True,15,Casa,6,115,Moderado
VIV-02125,299.62,True,31,Casa,6,44,Moderado
COM-02126,1395.36,False,46,Comercio,12,155,Eficiente
VIV-02127,284.96,True,27,Casa,12,96,Moderado
VIV-02128,454.77,True,32,Casa,6,71,Ineficiente
VIV-02129,246.38,True,18,Casa,6,102,Eficiente
VIV-02130,286.76,True,24,Casa,12,66,Moderado
VIV-02131,410.92,True,31,Casa,12,122,Ineficiente
COM-02132,940.95,True,54,Comercio,12,71,Moderado
VIV-02133,355.52,True,14,Casa,6,77,Moderado
VIV-02134,373.58,True,25,Casa,12,62,Ineficiente
VIV-02135,424.4,True,25,Casa,12,94,Ineficiente
VIV-02136,216.22,True,14,Casa,6,97,Eficiente
VIV-02137,282.89,True,30,Casa,12,55,Moderado
VIV-02138,416.25,True,27,Casa,12,68,Ineficiente
COM-02139,2248.6,False,55,Comercio,12,83,Ineficiente
COM-02140,3139.5,False,33,Comercio,12,57,Ineficiente
VIV-02141,347.04,True,17,Casa,12,104,Moderado
VIV-02142,261.17,True,19,Casa,12,67,Eficiente
VIV-02143,289.93,True,24,Casa,6,94,Moderado
COM-02144,2313.66,False,53,Comercio,12,71,Ineficiente
VIV-02145,360.88,True,17,Casa,6,111,Moderado
COM-02146,804.45,True,28,Comercio,12,117,Eficiente
COM-02147,1032.53,True,50,Comercio,12,198,Eficiente
VIV-02148,397.12,True,27,Casa,6,122,Ineficiente
VIV-02149,377.44,True,23,Casa,12,103,Ineficiente
VIV-02150,406.09,True,31,Casa,6,95,Ineficiente
VIV-02151,275.45,True,28,Casa,6,71,Eficiente
VIV-02152,233.86,True,19,Casa,12,98,Eficiente
VIV-02153,250.11,True,22,Casa,6,94,Eficiente
VIV-02154,350.82,True,17,Casa,6,169,Moderado
VIV-02155,235.48,True,12,Casa,6,96,Eficiente
VIV-02156,283.17,True,28,Casa,6,110,Moderado
VIV-02157,417.13,True,30,Casa,12,63,Ineficiente
VIV-02158,350.93,True,15,Casa,6,107,Moderado
VIV-02159,226.5,True,16,Casa,6,58,Eficiente
VIV-02160,254.92,True,16,Casa,6,72,Eficiente
VIV-02161,239.93,True,13,Casa,12,69,Eficiente
COM-02162,3141.77,True,57,Comercio,12,183,Moderado
COM-02163,1951.7,False,28,Comercio,12,161,Eficiente
VIV-02164,257.35,True,19,Casa,12,89,Eficiente
VIV-02165,357.7,True,18,Casa,6,67,Moderado
COM-02166,2413.68,False,72,Comercio,12,170,Moderado
VIV-02167,265.72,True,23,Casa,6,101,Eficiente
COM-02168,1104.58,True,50,Comercio,12,92,Eficiente
VIV-02169,428.96,True,29,Casa,6,65,Ineficiente
COM-02170,1111.19,True,55,Comercio,12,109,Eficiente
VIV-02171,403.9,True,21,Casa,6,82,Ineficiente
VIV-02172,413.78,True,27,Casa,6,80,Ineficiente
COM-02173,1693.69,True,49,Comercio,12,89,Moderado
VIV-02174,360.08,True,19,Casa,12,83,Moderado
VIV-02175,445.86,True,32,Casa,6,88,Ineficiente
VIV-02176,304.65,True,27,Casa,6,92,Moderado
VIV-02177,377.85,True,20,Casa,6,88,Ineficiente
VIV-02178,369.54,True,22,Casa,6,61,Moderado
VIV-02179,242.65,True,13,Casa,6,80,Eficiente
VIV-02180,403.24,True,23,Casa,6,102,Ineficiente
VIV-02181,418.71,True,25,Casa,12,78,Ineficiente
VIV-02182,313.0,True,29,Casa,6,50,Moderado
VIV-02183,227.34,True,14,Casa,6,99,Eficiente
COM-02184,3323.95,True,60,Comercio,12,41,Ineficiente
COM-02185,1154.99,True,52,Comercio,12,68,Moderado
COM-02186,1610.86,False,51,Comercio,12,55,Ineficiente
VIV-02187,412.43,True,27,Casa,12,92,Ineficiente
VIV-02188,344.05,True,16,Casa,12,91,Moderado
VIV-02189,270.76,True,26,Casa,12,61,Eficiente
VIV-02190,416.93,True,27,Casa,6,107,Ineficiente
VIV-02191,427.74,True,29,Casa,12,117,Ineficiente
VIV-02192,252.61,True,20,Casa,6,63,Eficiente
VIV-02193,301.11,True,24,Casa,6,148,Moderado
VIV-02194,342.5,True,14,Casa,12,56,Moderado
COM-02195,1093.05,True,59,Comercio,12,156,Eficiente
VIV-02196,300.24,True,26,Casa,6,47,Moderado
VIV-02197,380.38,True,18,Casa,6,118,Ineficiente
VIV-02198,356.44,True,13,Casa,12,85,Moderado
VIV-02199,318.6,True,32,Casa,12,140,Moderado
VIV-02200,261.58,True,18,Casa,6,109,Eficiente
VIV-02201,402.21,True,22,Casa,12,123,Ineficiente
VIV-02202,378.56,True,17,Casa,6,147,Ineficiente
VIV-02203,270.07,True,23,Casa,6,95,Eficiente
COM-02204,3237.26,True,58,Comercio,12,59,Ineficiente
VIV-02205,379.29,True,19,Casa,6,42,Ineficiente
VIV-02206,284.67,True,22,Casa,6,105,Moderado
VIV-02207,359.12,True,17,Casa,6,94,Moderado
COM-02208,2034.75,False,49,Comercio,12,81,Ineficiente
VIV-02209,260.51,True,29,Casa,12,97,Eficiente
VIV-02210,423.31,True,24,Casa,12,131,Ineficiente
COM-02211,2235.53,False,46,Comercio,12,64,Ineficiente
VIV-02212,391.05,True,32,Casa,12,88,Ineficiente
VIV-02213,362.53,True,13,Casa,6,119,Moderado
COM-02214,1451.7,True,31,Comercio,12,105,Moderado
VIV-02215,354.51,True,12,Casa,6,83,Moderado
COM-02216,3438.87,True,66,Comercio,12,132,Ineficiente
COM-02217,1232.91,False,57,Comercio,12,42,Ineficiente
VIV-02218,372.05,True,15,Casa,12,76,Ineficiente
VIV-02219,397.57,True,19,Casa,6,92,Ineficiente
VIV-02220,456.6,True,31,Casa,6,110,Ineficiente
COM-02221,1400.34,False,35,Comercio,12,195,Eficiente
VIV-02222,219.29,True,13,Casa,6,66,Eficiente
VIV-02223,261.12,True,25,Casa,12,75,Eficiente
VIV-02224,382.13,True,24,Casa,6,105,Ineficiente
VIV-02225,235.82,True,13,Casa,6,64,Eficiente
VIV-02226,431.5,True,30,Casa,12,61,Ineficiente
COM-02227,2335.44,True,65,Comercio,12,54,Ineficiente
VIV-02228,359.26,True,13,Casa,12,111,Moderado
VIV-02229,218.16,True,14,Casa,6,69,Eficiente
VIV-02230,425.7,True,27,Casa,6,133,Ineficiente
COM-02231,2764.96,False,42,Comercio,12,154,Moderado
COM-02232,3526.65,False,76,Comercio,12,188,Moderado
VIV-02233,246.94,True,20,Casa,6,95,Eficiente
VIV-02234,387.04,True,25,Casa,12,110,Ineficiente
VIV-02235,336.42,True,12,Casa,6,78,Moderado
VIV-02236,383.19,True,19,Casa,6,66,Ineficiente
VIV-02237,386.55,True,22,Casa,6,118,Ineficiente
COM-02238,2172.82,False,59,Comercio,12,75,Ineficiente
VIV-02239,441.14,True,32,Casa,6,68,Ineficiente
VIV-02240,246.02,True,19,Casa,6,94,Eficiente
COM-02241,2046.78,True,50,Comercio,12,51,Ineficiente
VIV-02242,370.56,True,20,Casa,6,55,Moderado
VIV-02243,332.15,True,30,Casa,12,113,Moderado
COM-02244,2532.67,True,38,Comercio,12,192,Moderado
VIV-02245,238.36,True,15,Casa,6,120,Eficiente
VIV-02246,226.42,True,14,Casa,6,80,Eficiente
VIV-02247,308.62,True,29,Casa,6,83,Moderado
COM-02248,2802.6,False,73,Comercio,12,167,Moderado
COM-02249,1715.27,False,57,Comercio,12,119,Moderado
VIV-02250,219.98,True,13,Casa,6,94,Eficiente
VIV-02251,303.77,True,29,Casa,6,67,Moderado
VIV-02252,282.82,True,32,Casa,6,133,Moderado
VIV-02253,307.48,True,26,Casa,6,70,Moderado
VIV-02254,358.12,True,13,Casa,12,81,Moderado
VIV-02255,397.22,True,30,Casa,6,61,Ineficiente
VIV-02256,401.59,True,28,Casa,6,86,Ineficiente
COM-02257,2846.66,False,67,Comercio,12,122,Ineficiente
VIV-02258,403.02,True,30,Casa,12,101,Ineficiente
COM-02259,2123.72,False,60,Comercio,12,80,Ineficiente
VIV-02260,320.18,True,30,Casa,6,94,Moderado
VIV-02261,261.15,True,21,Casa,12,138,Eficiente
VIV-02262,242.35,True,18,Casa,6,91,Eficiente
COM-02263,3425.4,False,70,Comercio,12,87,Ineficiente
VIV-02264,354.64,True,16,Casa,6,80,Moderado
VIV-02265,364.05,True,22,Casa,12,88,Moderado
VIV-02266,270.18,True,22,Casa,12,144,Eficiente
COM-02267,2186.99,True,36,Comercio,12,92,Ineficiente
VIV-02268,386.69,True,24,Casa,6,105,Ineficiente
VIV-02269,396.4,True,20,Casa,6,82,Ineficiente
VIV-02270,336.55,True,31,Casa,6,71,Moderado
VIV-02271,253.6,True,19,Casa,6,64,Eficiente
VIV-02272,311.87,True,30,Casa,12,150,Moderado
COM-02273,1482.97,True,42,Comercio,12,67,Moderado
VIV-02274,373.69,True,25,Casa,12,136,Ineficiente
VIV-02275,266.38,True,30,Casa,6,86,Eficiente
VIV-02276,252.49,True,23,Casa,6,46,Eficiente
VIV-02277,247.5,True,22,Casa,6,90,Eficiente
VIV-02278,402.06,True,28,Casa,6,65,Ineficiente
VIV-02279,322.96,True,30,Casa,12,105,Moderado
VIV-02280,373.3,True,17,Casa,12,58,Ineficiente
VIV-02281,358.65,True,14,Casa,6,75,Moderado
VIV-02282,264.15,True,22,Casa,12,78,Eficiente
VIV-02283,277.2,True,28,Casa,6,83,Moderado
VIV-02284,388.07,True,25,Casa,6,51,Ineficiente
VIV-02285,416.16,True,26,Casa,12,60,Ineficiente
VIV-02286,386.68,True,20,Casa,6,62,Ineficiente
VIV-02287,316.57,True,27,Casa,6,96,Moderado
VIV-02288,365.09,True,15,Casa,6,98,Moderado
COM-02289,1085.06,False,55,Comercio,12,198,Eficiente
COM-02290,3427.46,True,72,Comercio,12,61,Ineficiente
COM-02291,1527.41,True,40,Comercio,12,79,Moderado
COM-02292,1602.12,True,37,Comercio,12,183,Eficiente
VIV-02293,360.41,True,17,Casa,6,163,Moderado
VIV-02294,381.54,True,16,Casa,6,46,Ineficiente
VIV-02295,244.27,True,16,Casa,12,82,Eficiente
VIV-02296,435.71,True,27,Casa,12,95,Ineficiente
VIV-02297,269.28,True,22,Casa,6,124,Eficiente
VIV-02298,403.02,True,22,Casa,12,84,Ineficiente
VIV-02299,425.45,True,30,Casa,12,92,Ineficiente
COM-02300,1592.74,False,64,Comercio,12,31,Ineficiente
VIV-02301,235.87,True,13,Casa,6,80,Eficiente
VIV-02302,291.71,True,27,Casa,12,121,Moderado
VIV-02303,379.98,True,22,Casa,12,55,Ineficiente
VIV-02304,382.45,True,23,Casa,12,126,Ineficiente
COM-02305,2223.61,True,63,Comercio,12,167,Moderado
COM-02306,1409.85,False,27,Comercio,12,56,Ineficiente
VIV-02307,240.03,True,21,Casa,6,95,Eficiente
COM-02308,1583.11,True,61,Comercio,12,121,Moderado
VIV-02309,275.02,True,19,Casa,6,110,Eficiente
VIV-02310,281.12,True,30,Casa,6,106,Moderado
VIV-02311,276.86,True,27,Casa,12,84,Moderado
VIV-02312,355.9,True,14,Casa,6,74,Moderado
VIV-02313,288.05,True,30,Casa,12,80,Moderado
VIV-02314,435.6,True,32,Casa,6,87,Ineficiente
VIV-02315,333.05,True,12,Casa,6,68,Moderado
VIV-02316,300.0,True,29,Casa,6,68,Moderado
VIV-02317,371.58,True,16,Casa,6,54,Ineficiente
VIV-02318,427.33,True,28,Casa,6,64,Ineficiente
VIV-02319,309.84,True,29,Casa,12,64,Moderado
VIV-02320,229.69,True,13,Casa,12,98,Eficiente
VIV-02321,279.61,True,30,Casa,12,61,Moderado
COM-02322,2330.31,True,52,Comercio,12,159,Moderado
VIV-02323,392.37,True,23,Casa,6,62,Ineficiente
VIV-02324,296.87,True,32,Casa,6,56,Moderado
COM-02325,2632.12,True,49,Comercio,12,138,Moderado
COM-02326,1547.78,True,60,Comercio,12,125,Eficiente
VIV-02327,242.25,True,16,Casa,6,147,Eficiente
VIV-02328,385.69,True,25,Casa,6,82,Ineficiente
VIV-02329,401.99,True,29,Casa,6,79,Ineficiente
COM-02330,1060.85,True,45,Comercio,12,46,Ineficiente
COM-02331,1797.16,True,47,Comercio,12,187,Eficiente
VIV-02332,421.95,True,28,Casa,12,125,Ineficiente
VIV-02333,329.26,True,32,Casa,6,67,Moderado
COM-02334,3234.15,False,59,Comercio,12,172,Moderado
COM-02335,2052.83,True,40,Comercio,12,186,Eficiente
VIV-02336,359.78,True,20,Casa,6,40,Moderado
VIV-02337,376.2,True,17,Casa,6,84,Ineficiente
VIV-02338,251.01,True,22,Casa,6,139,Eficiente
VIV-02339,439.43,True,27,Casa,12,87,Ineficiente
COM-02340,997.0,True,61,Comercio,12,159,Eficiente
COM-02341,2200.95,True,44,Comercio,12,163,Moderado
COM-02342,2389.46,False,63,Comercio,12,73,Ineficiente
VIV-02343,284.18,True,24,Casa,6,62,Moderado
VIV-02344,425.56,True,29,Casa,12,88,Ineficiente
VIV-02345,264.28,True,24,Casa,12,98,Eficiente
VIV-02346,404.47,True,23,Casa,6,105,Ineficiente
COM-02347,1366.13,False,38,Comercio,12,40,Ineficiente
COM-02348,2588.05,False,38,Comercio,12,165,Moderado
COM-02349,1449.49,False,58,Comercio,12,30,Ineficiente
VIV-02350,354.01,True,14,Casa,6,49,Moderado
VIV-02351,422.44,True,25,Casa,6,76,Ineficiente
VIV-02352,318.03,True,28,Casa,12,72,Moderado
COM-02353,2019.17,True,42,Comercio,12,128,Moderado
COM-02354,1656.76,False,50,Comercio,12,77,Moderado
VIV-02355,243.19,True,19,Casa,6,40,Eficiente
COM-02356,2087.86,True,54,Comercio,12,198,Eficiente
VIV-02357,377.05,True,21,Casa,12,67,Ineficiente
VIV-02358,384.81,True,23,Casa,6,77,Ineficiente
VIV-02359,247.16,True,14,Casa,6,109,Eficiente
VIV-02360,257.19,True,25,Casa,6,56,Eficiente
VIV-02361,366.35,True,20,Casa,6,89,Moderado
VIV-02362,301.32,True,26,Casa,6,90,Moderado
VIV-02363,223.79,True,15,Casa,12,73,Eficiente
VIV-02364,318.15,True,27,Casa,6,116,Moderado
COM-02365,2439.32,True,59,Comercio,12,194,Eficiente
VIV-02366,294.92,True,31,Casa,12,68,Moderado
COM-02367,1658.98,True,45,Comercio,12,51,Ineficiente
VIV-02368,317.93,True,32,Casa,6,76,Moderado
COM-02369,3187.51,False,65,Comercio,12,162,Moderado
VIV-02370,307.8,True,25,Casa,6,104,Moderado
COM-02371,1040.47,False,45,Comercio,12,81,Eficiente
VIV-02372,275.27,True,23,Casa,6,84,Eficiente
VIV-02373,267.75,True,27,Casa,6,115,Eficiente
VIV-02374,252.33,True,16,Casa,6,96,Eficiente
VIV-02375,406.55,True,30,Casa,6,75,Ineficiente
VIV-02376,390.55,True,24,Casa,12,138,Ineficiente
COM-02377,2256.62,False,45,Comercio,12,95,Ineficiente
VIV-02378,253.17,True,22,Casa,12,96,Eficiente
VIV-02379,387.82,True,21,Casa,6,99,Ineficiente
VIV-02380,396.19,True,24,Casa,6,99,Ineficiente
VIV-02381,246.54,True,16,Casa,6,106,Eficiente
COM-02382,2681.13,True,37,Comercio,12,196,Moderado
COM-02383,842.58,False,30,Comercio,12,198,Eficiente
VIV-02384,388.26,True,22,Casa,12,115,Ineficiente
VIV-02385,268.97,True,20,Casa,6,88,Eficiente
VIV-02386,256.74,True,23,Casa,6,70,Eficiente
VIV-02387,282.75,True,25,Casa,6,124,Moderado
VIV-02388,367.9,True,21,Casa,6,42,Moderado
VIV-02389,241.98,True,15,Casa,6,87,Eficiente
VIV-02390,374.69,True,26,Casa,6,116,Ineficiente
VIV-02391,282.49,True,27,Casa,12,89,Moderado
VIV-02392,450.27,True,30,Casa,6,103,Ineficiente
VIV-02393,254.81,True,27,Casa,6,104,Eficiente
VIV-02394,242.1,True,15,Casa,6,112,Eficiente
VIV-02395,278.55,True,22,Casa,12,106,Moderado
COM-02396,812.98,True,42,Comercio,12,51,Moderado
VIV-02397,258.94,True,24,Casa,6,116,Eficiente
VIV-02398,351.3,True,16,Casa,12,61,Moderado
COM-02399,3219.32,True,65,Comercio,12,55,Ineficiente
COM-02400,1492.97,True,53,Comercio,12,77,Moderado
COM-02401,1670.36,False,56,Comercio,12,193,Eficiente
VIV-02402,367.05,True,19,Casa,6,100,Moderado
VIV-02403,389.79,True,30,Casa,12,75,Ineficiente
VIV-02404,372.02,True,16,Casa,12,98,Ineficiente
VIV-02405,281.77,True,29,Casa,6,75,Moderado
COM-02406,1016.58,True,47,Comercio,12,129,Eficiente
VIV-02407,267.05,True,21,Casa,6,95,Eficiente
VIV-02408,233.43,True,16,Casa,6,49,Eficiente
VIV-02409,292.8,True,24,Casa,12,79,Moderado
VIV-02410,262.98,True,26,Casa,6,73,Eficiente
COM-02411,1732.32,True,46,Comercio,12,163,Eficiente
COM-02412,2812.18,True,45,Comercio,12,167,Moderado
VIV-02413,261.36,True,26,Casa,6,61,Eficiente
VIV-02414,358.72,True,17,Casa,6,131,Moderado
VIV-02415,250.72,True,24,Casa,6,92,Eficiente
VIV-02416,243.45,True,21,Casa,12,67,Eficiente
COM-02417,2740.02,True,44,Comercio,12,94,Ineficiente
VIV-02418,266.71,True,25,Casa,6,137,Eficiente
COM-02419,1083.17,False,63,Comercio,12,190,Eficiente
VIV-02420,262.17,True,22,Casa,6,107,Eficiente
COM-02421,1193.3,False,64,Comercio,12,172,Eficiente
COM-02422,1304.44,True,29,Comercio,12,170,Eficiente
VIV-02423,358.56,True,12,Casa,6,84,Moderado
COM-02424,2101.28,True,47,Comercio,12,70,Ineficiente
COM-02425,2269.01,True,35,Comercio,12,90,Ineficiente
COM-02426,2823.71,False,50,Comercio,12,41,Ineficiente
VIV-02427,395.0,True,31,Casa,6,105,Ineficiente
VIV-02428,235.12,True,20,Casa,6,40,Eficiente
VIV-02429,354.51,True,16,Casa,6,66,Moderado
VIV-02430,395.3,True,23,Casa,6,79,Ineficiente
VIV-02431,368.47,True,24,Casa,6,122,Moderado
COM-02432,1474.24,True,33,Comercio,12,131,Eficiente
COM-02433,2324.32,False,42,Comercio,12,166,Moderado
VIV-02434,316.04,True,29,Casa,12,104,Moderado
COM-02435,1556.47,False,55,Comercio,12,178,Eficiente
VIV-02436,368.76,True,21,Casa,12,74,Moderado
VIV-02437,263.69,True,24,Casa,6,130,Eficiente
VIV-02438,424.1,True,31,Casa,6,69,Ineficiente
VIV-02439,352.37,True,16,Casa,6,108,Moderado
VIV-02440,363.5,True,15,Casa,6,91,Moderado
VIV-02441,310.69,True,29,Casa,12,70,Moderado
COM-02442,3386.82,False,67,Comercio,12,187,Moderado
COM-02443,2209.09,True,43,Comercio,12,48,Ineficiente
COM-02444,2794.09,True,51,Comercio,12,144,Moderado
VIV-02445,286.34,True,32,Casa,6,76,Moderado
VIV-02446,415.4,True,28,Casa,6,103,Ineficiente
VIV-02447,254.14,True,27,Casa,6,105,Eficiente
VIV-02448,426.89,True,29,Casa,6,99,Ineficiente
VIV-02449,445.86,True,30,Casa,6,141,Ineficiente
VIV-02450,340.99,True,14,Casa,6,80,Moderado
COM-02451,1165.25,False,45,Comercio,12,187,Eficiente
COM-02452,1967.24,True,41,Comercio,12,70,Ineficiente
VIV-02453,220.32,True,14,Casa,12,98,Eficiente
COM-02454,2181.19,True,44,Comercio,12,191,Eficiente
VIV-02455,248.77,True,15,Casa,6,103,Eficiente
VIV-02456,264.74,True,21,Casa,6,91,Eficiente
COM-02457,2225.61,False,46,Comercio,12,177,Eficiente
COM-02458,2130.35,False,57,Comercio,12,82,Ineficiente
VIV-02459,420.66,True,28,Casa,12,99,Ineficiente
COM-02460,2521.62,False,47,Comercio,12,47,Ineficiente
VIV-02461,269.14,True,29,Casa,12,82,Eficiente
VIV-02462,305.69,True,30,Casa,6,93,Moderado
VIV-02463,242.82,True,22,Casa,6,104,Eficiente
VIV-02464,239.42,True,16,Casa,6,102,Eficiente
VIV-02465,363.51,True,22,Casa,6,71,Moderado
COM-02466,2286.45,True,61,Comercio,12,126,Moderado
VIV-02467,387.73,True,20,Casa,6,100,Ineficiente
VIV-02468,297.2,True,29,Casa,6,73,Moderado
COM-02469,2422.96,True,67,Comercio,12,170,Moderado
VIV-02470,291.24,True,28,Casa,6,110,Moderado
COM-02471,1510.61,True,39,Comercio,12,193,Eficiente
VIV-02472,426.04,True,29,Casa,6,56,Ineficiente
VIV-02473,391.29,True,28,Casa,12,109,Ineficiente
VIV-02474,460.38,True,31,Casa,6,95,Ineficiente
COM-02475,2242.4,True,48,Comercio,12,42,Ineficiente
COM-02476,2612.88,False,68,Comercio,12,73,Ineficiente
VIV-02477,235.76,True,14,Casa,6,122,Eficiente
VIV-02478,318.15,True,27,Casa,6,65,Moderado
VIV-02479,356.74,True,13,Casa,6,82,Moderado
VIV-02480,280.27,True,25,Casa,12,120,Moderado
COM-02481,2333.95,True,52,Comercio,12,36,Ineficiente
VIV-02482,258.12,True,25,Casa,6,75,Eficiente
COM-02483,1978.9,True,34,Comercio,12,94,Moderado
VIV-02484,262.87,True,26,Casa,12,95,Eficiente
COM-02485,2690.46,False,57,Comercio,12,156,Moderado
COM-02486,2114.1,True,30,Comercio,12,61,Ineficiente
VIV-02487,399.37,True,30,Casa,6,103,Ineficiente
VIV-02488,283.93,True,26,Casa,6,127,Moderado
VIV-02489,439.09,True,27,Casa,6,57,Ineficiente
VIV-02490,394.13,True,19,Casa,12,138,Ineficiente
VIV-02491,440.28,True,31,Casa,6,123,Ineficiente
COM-02492,1304.27,True,33,Comercio,12,82,Moderado
VIV-02493,275.18,True,26,Casa,6,100,Eficiente
VIV-02494,374.76,True,18,Casa,12,162,Ineficiente
VIV-02495,284.34,True,23,Casa,12,67,Moderado
VIV-02496,226.49,True,12,Casa,12,112,Eficiente
VIV-02497,361.73,True,18,Casa,6,50,Moderado
VIV-02498,354.74,True,12,Casa,6,92,Moderado
COM-02499,1476.14,True,31,Comercio,12,114,Moderado
VIV-02500,217.31,True,13,Casa,6,119,Eficiente
COM-02501,1610.75,False,43,Comercio,12,41,Ineficiente
COM-02502,937.13,False,44,Comercio,12,50,Moderado
VIV-02503,245.16,True,14,Casa,6,63,Eficiente
COM-02504,1528.42,False,53,Comercio,12,151,Eficiente
VIV-02505,225.05,True,16,Casa,6,87,Eficiente
COM-02506,2176.56,True,32,Comercio,12,142,Moderado
VIV-02507,241.43,True,14,Casa,6,96,Eficiente
VIV-02508,231.55,True,14,Casa,12,78,Eficiente
VIV-02509,253.51,True,18,Casa,6,86,Eficiente
VIV-02510,233.32,True,19,Casa,6,83,Eficiente
VIV-02511,376.42,True,18,Casa,12,77,Ineficiente
VIV-02512,375.14,True,25,Casa,6,137,Ineficiente
VIV-02513,419.02,True,25,Casa,12,140,Ineficiente
VIV-02514,241.65,True,22,Casa,6,119,Eficiente
VIV-02515,352.98,True,13,Casa,6,106,Moderado
VIV-02516,240.29,True,21,Casa,12,67,Eficiente
VIV-02517,267.12,True,18,Casa,6,133,Eficiente
VIV-02518,393.31,True,31,Casa,6,81,Ineficiente
VIV-02519,242.05,True,19,Casa,12,118,Eficiente
VIV-02520,370.44,True,22,Casa,12,124,Moderado
COM-02521,733.48,True,26,Comercio,12,186,Eficiente
VIV-02522,284.18,True,32,Casa,6,120,Moderado
COM-02523,2630.55,False,36,Comercio,12,47,Ineficiente
VIV-02524,347.69,True,14,Casa,12,88,Moderado
VIV-02525,249.75,True,16,Casa,6,52,Eficiente
VIV-02526,274.06,True,21,Casa,12,100,Eficiente
VIV-02527,426.2,True,30,Casa,6,82,Ineficiente
VIV-02528,282.92,True,23,Casa,6,78,Moderado
COM-02529,1446.62,False,37,Comercio,12,37,Ineficiente
COM-02530,2541.7,False,42,Comercio,12,148,Moderado
VIV-02531,279.7,True,21,Casa,6,77,Moderado
VIV-02532,362.26,True,16,Casa,12,120,Moderado
VIV-02533,249.81,True,16,Casa,6,46,Eficiente
COM-02534,1080.53,True,42,Comercio,12,45,Ineficiente
VIV-02535,406.75,True,31,Casa,6,49,Ineficiente
VIV-02536,377.5,True,16,Casa,6,43,Ineficiente
VIV-02537,237.11,True,14,Casa,6,111,Eficiente
COM-02538,1094.49,True,63,Comercio,12,59,Moderado
VIV-02539,256.43,True,16,Casa,6,40,Eficiente
VIV-02540,455.56,True,30,Casa,6,144,Ineficiente
VIV-02541,261.29,True,17,Casa,6,96,Eficiente
COM-02542,2211.99,False,47,Comercio,12,153,Moderado
VIV-02543,357.77,True,17,Casa,6,84,Moderado
VIV-02544,283.39,True,30,Casa,6,72,Moderado
VIV-02545,384.98,True,18,Casa,6,121,Ineficiente
VIV-02546,372.43,True,21,Casa,6,83,Ineficiente
VIV-02547,358.25,True,12,Casa,6,85,Moderado
COM-02548,829.89,False,39,Comercio,12,136,Eficiente
VIV-02549,241.87,True,15,Casa,6,146,Eficiente
COM-02550,2130.67,False,31,Comercio,12,126,Moderado
COM-02551,863.39,True,32,Comercio,12,149,Eficiente
VIV-02552,361.55,True,17,Casa,12,113,Moderado
COM-02553,2309.5,False,60,Comercio,12,182,Eficiente
VIV-02554,391.62,True,23,Casa,6,72,Ineficiente
VIV-02555,387.65,True,18,Casa,6,40,Ineficiente
VIV-02556,380.48,True,29,Casa,12,99,Ineficiente
VIV-02557,370.31,True,14,Casa,12,74,Moderado
VIV-02558,357.6,True,15,Casa,6,50,Moderado
VIV-02559,254.81,True,17,Casa,6,77,Eficiente
VIV-02560,241.87,True,14,Casa,6,96,Eficiente
COM-02561,2776.57,True,67,Comercio,12,156,Moderado
VIV-02562,255.38,True,27,Casa,12,127,Eficiente
VIV-02563,344.73,True,15,Casa,6,40,Moderado
COM-02564,1029.21,False,49,Comercio,12,162,Eficiente
VIV-02565,379.26,True,24,Casa,6,112,Ineficiente
VIV-02566,224.32,True,14,Casa,6,122,Eficiente
VIV-02567,288.2,True,28,Casa,6,74,Moderado
COM-02568,1111.64,True,47,Comercio,12,75,Moderado
COM-02569,1550.81,False,33,Comercio,12,117,Moderado
COM-02570,1048.0,True,56,Comercio,12,101,Eficiente
COM-02571,2265.75,False,68,Comercio,12,42,Ineficiente
VIV-02572,240.3,True,16,Casa,12,80,Eficiente
VIV-02573,375.58,True,20,Casa,6,108,Ineficiente
VIV-02574,420.58,True,25,Casa,12,71,Ineficiente
VIV-02575,393.52,True,28,Casa,12,101,Ineficiente
COM-02576,2061.96,False,59,Comercio,12,164,Eficiente
VIV-02577,262.48,True,30,Casa,6,99,Eficiente
VIV-02578,361.69,True,13,Casa,6,133,Moderado
COM-02579,1142.65,True,62,Comercio,12,164,Eficiente
VIV-02580,226.91,True,14,Casa,12,126,Eficiente
VIV-02581,241.72,True,17,Casa,6,57,Eficiente
VIV-02582,366.48,True,23,Casa,12,61,Moderado
COM-02583,1226.25,False,62,Comercio,12,75,Moderado
VIV-02584,260.28,True,22,Casa,6,79,Eficiente
VIV-02585,235.6,True,20,Casa,6,111,Eficiente
COM-02586,1541.73,True,46,Comercio,12,64,Ineficiente
VIV-02587,363.54,True,21,Casa,6,104,Moderado
VIV-02588,244.4,True,14,Casa,6,95,Eficiente
VIV-02589,282.15,True,22,Casa,12,84,Moderado
VIV-02590,272.79,True,22,Casa,6,94,Eficiente
VIV-02591,337.98,True,31,Casa,12,106,Moderado
VIV-02592,384.57,True,21,Casa,12,53,Ineficiente
VIV-02593,456.7,True,30,Casa,12,82,Ineficiente
VIV-02594,346.31,True,15,Casa,6,68,Moderado
COM-02595,1438.7,True,38,Comercio,12,145,Eficiente
VIV-02596,251.38,True,19,Casa,6,81,Eficiente
VIV-02597,246.62,True,20,Casa,6,100,Eficiente
VIV-02598,233.93,True,14,Casa,6,91,Eficiente
VIV-02599,245.5,True,21,Casa,12,83,Eficiente
COM-02600,1708.85,True,44,Comercio,12,148,Eficiente
VIV-02601,287.93,True,25,Casa,6,58,Moderado
VIV-02602,390.33,True,22,Casa,6,95,Ineficiente
COM-02603,2602.91,True,35,Comercio,12,122,Moderado
VIV-02604,408.15,True,22,Casa,6,85,Ineficiente
VIV-02605,391.09,True,31,Casa,6,104,Ineficiente
VIV-02606,446.17,True,28,Casa,6,112,Ineficiente
VIV-02607,442.24,True,31,Casa,6,148,Ineficiente
VIV-02608,361.69,True,19,Casa,12,123,Moderado
VIV-02609,350.73,True,16,Casa,12,40,Moderado
COM-02610,873.21,True,49,Comercio,12,51,Moderado
VIV-02611,377.53,True,19,Casa,6,86,Ineficiente
VIV-02612,377.6,True,26,Casa,12,66,Ineficiente
VIV-02613,383.63,True,21,Casa,6,80,Ineficiente
VIV-02614,328.63,True,30,Casa,6,90,Moderado
VIV-02615,305.21,True,26,Casa,6,89,Moderado
VIV-02616,254.14,True,21,Casa,12,127,Eficiente
VIV-02617,232.79,True,19,Casa,12,120,Eficiente
VIV-02618,248.14,True,23,Casa,6,98,Eficiente
VIV-02619,233.63,True,19,Casa,6,110,Eficiente
COM-02620,1965.6,True,45,Comercio,12,124,Moderado
VIV-02621,410.22,True,26,Casa,6,69,Ineficiente
COM-02622,2333.39,True,59,Comercio,12,196,Eficiente
VIV-02623,280.43,True,31,Casa,6,81,Moderado
VIV-02624,378.97,True,17,Casa,6,91,Ineficiente
VIV-02625,234.44,True,15,Casa,6,99,Eficiente
VIV-02626,230.98,True,12,Casa,6,108,Eficiente
VIV-02627,356.72,True,19,Casa,6,62,Moderado
VIV-02628,229.4,True,16,Casa,6,74,Eficiente
VIV-02629,353.09,True,14,Casa,6,91,Moderado
VIV-02630,246.11,True,25,Casa,12,79,Eficiente
COM-02631,2187.63,False,40,Comercio,12,189,Eficiente
VIV-02632,306.07,True,30,Casa,6,128,Moderado
COM-02633,3217.81,True,50,Comercio,12,38,Ineficiente
COM-02634,1576.79,False,65,Comercio,12,184,Eficiente
VIV-02635,353.34,True,12,Casa,6,96,Moderado
VIV-02636,338.85,True,32,Casa,12,85,Moderado
COM-02637,2127.79,False,42,Comercio,12,36,Ineficiente
COM-02638,2002.39,True,34,Comercio,12,66,Ineficiente
VIV-02639,337.13,True,13,Casa,6,110,Moderado
VIV-02640,319.55,True,32,Casa,12,101,Moderado
COM-02641,1642.65,False,48,Comercio,12,101,Moderado
COM-02642,864.87,True,41,Comercio,12,43,Moderado
VIV-02643,373.61,True,18,Casa,12,86,Ineficiente
VIV-02644,247.35,True,20,Casa,12,95,Eficiente
VIV-02645,273.65,True,32,Casa,12,43,Eficiente
COM-02646,1059.21,True,32,Comercio,12,42,Ineficiente
VIV-02647,289.55,True,29,Casa,12,98,Moderado
VIV-02648,309.98,True,30,Casa,6,120,Moderado
VIV-02649,414.01,True,23,Casa,12,61,Ineficiente
VIV-02650,261.0,True,22,Casa,6,68,Eficiente
COM-02651,1707.34,False,66,Comercio,12,169,Eficiente
VIV-02652,237.06,True,12,Casa,6,92,Eficiente
VIV-02653,297.34,True,27,Casa,6,89,Moderado
COM-02654,956.32,True,35,Comercio,12,33,Ineficiente
VIV-02655,355.68,True,14,Casa,12,128,Moderado
VIV-02656,366.05,True,19,Casa,6,122,Moderado
VIV-02657,275.49,True,22,Casa,6,59,Eficiente
VIV-02658,387.54,True,26,Casa,12,128,Ineficiente
VIV-02659,279.99,True,20,Casa,6,133,Moderado
VIV-02660,338.36,True,12,Casa,12,105,Moderado
COM-02661,889.72,False,49,Comercio,12,99,Eficiente
VIV-02662,227.06,True,15,Casa,12,76,Eficiente
VIV-02663,384.06,True,21,Casa,12,99,Ineficiente
VIV-02664,361.64,True,13,Casa,6,92,Moderado
COM-02665,1915.74,True,31,Comercio,12,121,Moderado
VIV-02666,346.48,True,15,Casa,12,121,Moderado
VIV-02667,300.6,True,28,Casa,6,98,Moderado
VIV-02668,243.79,True,18,Casa,6,112,Eficiente
VIV-02669,262.69,True,27,Casa,6,71,Eficiente
COM-02670,1344.94,True,35,Comercio,12,96,Moderado
VIV-02671,234.76,True,16,Casa,6,94,Eficiente
VIV-02672,349.96,True,13,Casa,6,94,Moderado
VIV-02673,269.73,True,22,Casa,12,83,Eficiente
VIV-02674,351.94,True,13,Casa,12,87,Moderado
COM-02675,2687.99,True,40,Comercio,12,93,Ineficiente
VIV-02676,235.66,True,18,Casa,12,40,Eficiente
COM-02677,990.14,False,49,Comercio,12,185,Eficiente
VIV-02678,356.59,True,13,Casa,6,106,Moderado
VIV-02679,319.67,True,28,Casa,6,141,Moderado
VIV-02680,384.57,True,17,Casa,6,112,Ineficiente
VIV-02681,351.5,True,18,Casa,12,90,Moderado
COM-02682,2074.46,True,65,Comercio,12,88,Ineficiente
VIV-02683,397.62,True,22,Casa,6,61,Ineficiente
COM-02684,3401.14,False,48,Comercio,12,95,Ineficiente
VIV-02685,422.93,True,31,Casa,6,91,Ineficiente
VIV-02686,430.37,True,31,Casa,6,143,Ineficiente
COM-02687,2241.45,False,62,Comercio,12,49,Ineficiente
VIV-02688,301.51,True,24,Casa,6,60,Moderado
VIV-02689,266.29,True,23,Casa,6,80,Eficiente
VIV-02690,266.09,True,28,Casa,6,106,Eficiente
VIV-02691,375.74,True,23,Casa,12,129,Ineficiente
VIV-02692,349.41,True,15,Casa,6,97,Moderado
VIV-02693,405.14,True,29,Casa,6,100,Ineficiente
COM-02694,1045.24,True,39,Comercio,12,41,Ineficiente
VIV-02695,393.51,True,23,Casa,6,86,Ineficiente
VIV-02696,387.17,True,23,Casa,6,58,Ineficiente
COM-02697,1648.02,False,43,Comercio,12,190,Eficiente
COM-02698,2839.28,True,56,Comercio,12,143,Moderado
VIV-02699,372.95,True,21,Casa,6,76,Ineficiente
VIV-02700,396.17,True,31,Casa,12,125,Ineficiente
VIV-02701,381.9,True,20,Casa,6,101,Ineficiente
VIV-02702,379.53,True,22,Casa,6,83,Ineficiente
COM-02703,2226.93,False,40,Comercio,12,141,Moderado
VIV-02704,232.88,True,12,Casa,6,40,Eficiente
COM-02705,3057.36,False,35,Comercio,12,46,Ineficiente
VIV-02706,368.42,True,21,Casa,12,112,Moderado
VIV-02707,362.63,True,13,Casa,12,129,Moderado
VIV-02708,222.16,True,13,Casa,6,58,Eficiente
COM-02709,1553.58,True,60,Comercio,12,147,Eficiente
VIV-02710,336.02,True,31,Casa,12,56,Moderado
VIV-02711,244.04,True,19,Casa,6,86,Eficiente
VIV-02712,214.69,True,13,Casa,12,79,Eficiente
COM-02713,1180.19,True,68,Comercio,12,39,Ineficiente
VIV-02714,325.72,True,31,Casa,6,68,Moderado
VIV-02715,274.19,True,32,Casa,6,133,Eficiente
VIV-02716,264.77,True,31,Casa,12,126,Eficiente
VIV-02717,341.87,True,12,Casa,6,82,Moderado
VIV-02718,434.7,True,28,Casa,6,119,Ineficiente
VIV-02719,256.82,True,20,Casa,6,93,Eficiente
COM-02720,1180.8,True,71,Comercio,12,130,Eficiente
VIV-02721,229.78,True,16,Casa,6,92,Eficiente
VIV-02722,376.03,True,15,Casa,6,120,Ineficiente
VIV-02723,264.62,True,30,Casa,12,78,Eficiente
COM-02724,1544.98,False,41,Comercio,12,123,Eficiente
COM-02725,2493.56,True,32,Comercio,12,35,Ineficiente
VIV-02726,411.16,True,25,Casa,6,67,Ineficiente
VIV-02727,340.88,True,32,Casa,6,117,Moderado
VIV-02728,266.49,True,32,Casa,6,91,Eficiente
VIV-02729,261.22,True,18,Casa,6,119,Eficiente
VIV-02730,382.05,True,27,Casa,6,95,Ineficiente
VIV-02731,228.29,True,15,Casa,6,73,Eficiente
VIV-02732,310.43,True,28,Casa,12,51,Moderado
VIV-02733,382.28,True,25,Casa,6,97,Ineficiente
VIV-02734,374.18,True,17,Casa,12,82,Ineficiente
COM-02735,2115.81,False,58,Comercio,12,96,Moderado
COM-02736,1587.64,False,37,Comercio,12,160,Eficiente
VIV-02737,345.2,True,15,Casa,6,55,Moderado
VIV-02738,221.78,True,14,Casa,6,131,Eficiente
VIV-02739,367.82,True,21,Casa,12,89,Moderado
VIV-02740,256.27,True,24,Casa,6,40,Eficiente
VIV-02741,409.85,True,23,Casa,12,42,Ineficiente
VIV-02742,343.93,True,16,Casa,6,79,Moderado
COM-02743,1583.75,True,66,Comercio,12,105,Moderado
COM-02744,1018.26,False,52,Comercio,12,56,Moderado
VIV-02745,377.38,True,16,Casa,6,139,Ineficiente
VIV-02746,219.94,True,14,Casa,12,115,Eficiente
VIV-02747,348.17,True,13,Casa,6,102,Moderado
VIV-02748,226.17,True,13,Casa,6,71,Eficiente
VIV-02749,368.56,True,23,Casa,12,99,Moderado
VIV-02750,228.47,True,12,Casa,6,60,Eficiente
COM-02751,3361.59,False,72,Comercio,12,95,Ineficiente
VIV-02752,233.79,True,15,Casa,6,123,Eficiente
VIV-02753,295.47,True,24,Casa,12,95,Moderado
VIV-02754,270.11,True,20,Casa,6,107,Eficiente
COM-02755,1236.54,False,58,Comercio,12,115,Eficiente
VIV-02756,403.96,True,26,Casa,6,80,Ineficiente
COM-02757,2933.07,True,65,Comercio,12,56,Ineficiente
VIV-02758,224.83,True,13,Casa,12,125,Eficiente
VIV-02759,391.59,True,32,Casa,6,106,Ineficiente
VIV-02760,234.79,True,15,Casa,12,97,Eficiente
VIV-02761,265.49,True,20,Casa,6,62,Eficiente
VIV-02762,224.78,True,12,Casa,6,116,Eficiente
VIV-02763,375.8,True,17,Casa,6,105,Ineficiente
VIV-02764,349.82,True,15,Casa,6,96,Moderado
VIV-02765,300.62,True,24,Casa,12,114,Moderado
COM-02766,948.33,False,31,Comercio,12,145,Eficiente
VIV-02767,395.37,True,22,Casa,6,85,Ineficiente
VIV-02768,423.51,True,24,Casa,6,66,Ineficiente
VIV-02769,352.31,True,16,Casa,6,81,Moderado
VIV-02770,211.23,True,12,Casa,6,58,Eficiente
VIV-02771,378.9,True,22,Casa,12,40,Ineficiente
VIV-02772,383.02,True,24,Casa,6,118,Ineficiente
VIV-02773,247.13,True,21,Casa,12,73,Eficiente
VIV-02774,367.93,True,16,Casa,6,80,Moderado
VIV-02775,251.55,True,27,Casa,12,69,Eficiente
VIV-02776,401.33,True,21,Casa,12,90,Ineficiente
VIV-02777,371.93,True,20,Casa,12,109,Ineficiente
COM-02778,1556.62,True,47,Comercio,12,103,Moderado
VIV-02779,367.97,True,20,Casa,12,83,Moderado
COM-02780,2118.29,True,38,Comercio,12,178,Eficiente
VIV-02781,225.55,True,15,Casa,6,94,Eficiente
COM-02782,2051.54,False,36,Comercio,12,196,Eficiente
VIV-02783,350.1,True,12,Casa,6,99,Moderado
COM-02784,2252.56,True,62,Comercio,12,48,Ineficiente
VIV-02785,215.69,True,12,Casa,6,63,Eficiente
VIV-02786,417.99,True,25,Casa,6,102,Ineficiente
VIV-02787,368.73,True,19,Casa,12,89,Moderado
VIV-02788,407.12,True,23,Casa,6,85,Ineficiente
COM-02789,1747.28,True,72,Comercio,12,100,Moderado
VIV-02790,380.82,True,19,Casa,6,101,Ineficiente
VIV-02791,375.24,True,25,Casa,12,131,Ineficiente
VIV-02792,371.77,True,26,Casa,12,92,Ineficiente
VIV-02793,419.74,True,27,Casa,6,121,Ineficiente
VIV-02794,389.74,True,18,Casa,6,88,Ineficiente
COM-02795,2101.13,False,65,Comercio,12,114,Moderado
VIV-02796,322.58,True,31,Casa,6,97,Moderado
VIV-02797,372.15,True,22,Casa,6,87,Ineficiente
VIV-02798,351.34,True,15,Casa,12,101,Moderado
COM-02799,2201.4,False,35,Comercio,12,99,Moderado
VIV-02800,413.06,True,32,Casa,6,105,Ineficiente
VIV-02801,324.8,True,31,Casa,6,52,Moderado
COM-02802,1233.03,True,65,Comercio,12,173,Eficiente
VIV-02803,359.61,True,13,Casa,12,85,Moderado
VIV-02804,282.26,True,29,Casa,6,92,Moderado
VIV-02805,365.9,True,18,Casa,12,103,Moderado
COM-02806,869.5,False,43,Comercio,12,144,Eficiente
VIV-02807,267.01,True,30,Casa,6,71,Eficiente
VIV-02808,260.93,True,26,Casa,6,99,Eficiente
VIV-02809,386.64,True,30,Casa,6,131,Ineficiente
COM-02810,1376.42,False,28,Comercio,12,88,Moderado
VIV-02811,244.65,True,19,Casa,12,67,Eficiente
COM-02812,2748.6,True,59,Comercio,12,171,Moderado
VIV-02813,271.04,True,30,Casa,6,88,Eficiente
VIV-02814,225.0,True,12,Casa,12,49,Eficiente
VIV-02815,309.85,True,30,Casa,6,53,Moderado
COM-02816,2581.73,True,48,Comercio,12,89,Ineficiente
VIV-02817,230.04,True,12,Casa,6,88,Eficiente
VIV-02818,317.66,True,30,Casa,6,93,Moderado
COM-02819,1500.82,False,46,Comercio,12,165,Eficiente
COM-02820,1019.84,True,65,Comercio,12,138,Eficiente
VIV-02821,423.18,True,26,Casa,6,135,Ineficiente
VIV-02822,351.79,True,13,Casa,12,103,Moderado
VIV-02823,386.35,True,26,Casa,6,117,Ineficiente
VIV-02824,382.64,True,28,Casa,6,60,Ineficiente
COM-02825,2230.6,False,53,Comercio,12,124,Moderado
VIV-02826,414.38,True,29,Casa,6,88,Ineficiente
VIV-02827,224.14,True,13,Casa,12,105,Eficiente
VIV-02828,382.28,True,28,Casa,12,141,Ineficiente
VIV-02829,317.98,True,29,Casa,6,100,Moderado
VIV-02830,235.15,True,18,Casa,6,95,Eficiente
COM-02831,1454.94,False,45,Comercio,12,183,Eficiente
VIV-02832,285.76,True,23,Casa,6,110,Moderado
VIV-02833,258.12,True,18,Casa,12,70,Eficiente
VIV-02834,386.55,True,19,Casa,12,103,Ineficiente
COM-02835,1413.83,True,50,Comercio,12,64,Moderado
VIV-02836,412.38,True,22,Casa,6,99,Ineficiente
VIV-02837,274.78,True,24,Casa,6,110,Eficiente
VIV-02838,431.42,True,32,Casa,6,104,Ineficiente
VIV-02839,279.99,True,22,Casa,6,52,Moderado
VIV-02840,343.39,True,12,Casa,6,103,Moderado
VIV-02841,234.95,True,14,Casa,6,76,Eficiente
VIV-02842,255.49,True,17,Casa,6,100,Eficiente
VIV-02843,375.89,True,24,Casa,6,92,Ineficiente
VIV-02844,391.21,True,20,Casa,6,114,Ineficiente
VIV-02845,232.13,True,18,Casa,12,70,Eficiente
COM-02846,2122.44,True,45,Comercio,12,128,Moderado
VIV-02847,302.82,True,28,Casa,6,156,Moderado
COM-02848,2156.52,False,60,Comercio,12,105,Moderado
VIV-02849,402.53,True,24,Casa,12,99,Ineficiente
COM-02850,1141.39,True,50,Comercio,12,62,Moderado
VIV-02851,281.88,True,30,Casa,6,88,Moderado
VIV-02852,378.2,True,23,Casa,6,119,Ineficiente
VIV-02853,366.98,True,18,Casa,12,112,Moderado
VIV-02854,237.02,True,18,Casa,6,104,Eficiente
VIV-02855,261.06,True,21,Casa,6,156,Eficiente
VIV-02856,225.09,True,12,Casa,12,42,Eficiente
COM-02857,2623.47,True,42,Comercio,12,68,Ineficiente
VIV-02858,343.13,True,13,Casa,6,82,Moderado
VIV-02859,289.31,True,32,Casa,6,76,Moderado
VIV-02860,439.15,True,28,Casa,6,95,Ineficiente
COM-02861,3371.04,True,66,Comercio,12,116,Ineficiente
VIV-02862,357.84,True,20,Casa,6,113,Moderado
VIV-02863,276.15,True,28,Casa,6,74,Eficiente
VIV-02864,293.35,True,31,Casa,6,137,Moderado
VIV-02865,270.96,True,19,Casa,6,99,Eficiente
VIV-02866,242.21,True,18,Casa,6,103,Eficiente
VIV-02867,271.16,True,20,Casa,12,107,Eficiente
VIV-02868,244.89,True,14,Casa,12,130,Eficiente
VIV-02869,339.21,True,14,Casa,6,67,Moderado
VIV-02870,335.37,True,31,Casa,12,80,Moderado
VIV-02871,235.03,True,12,Casa,6,78,Eficiente
VIV-02872,356.33,True,14,Casa,6,106,Moderado
VIV-02873,231.59,True,17,Casa,12,55,Eficiente
VIV-02874,394.05,True,20,Casa,12,64,Ineficiente
VIV-02875,389.74,True,18,Casa,6,60,Ineficiente
VIV-02876,257.04,True,22,Casa,6,102,Eficiente
COM-02877,1496.12,False,57,Comercio,12,190,Eficiente
VIV-02878,393.86,True,27,Casa,6,89,Ineficiente
COM-02879,3426.37,True,71,Comercio,12,58,Ineficiente
VIV-02880,440.87,True,29,Casa,6,71,Ineficiente
VIV-02881,354.43,True,19,Casa,6,42,Moderado
COM-02882,1689.51,True,53,Comercio,12,109,Moderado
VIV-02883,301.11,True,24,Casa,12,45,Moderado
COM-02884,3390.7,False,52,Comercio,12,39,Ineficiente
VIV-02885,363.17,True,18,Casa,6,156,Moderado
VIV-02886,263.09,True,19,Casa,6,86,Eficiente
VIV-02887,295.39,True,23,Casa,6,68,Moderado
VIV-02888,242.21,True,13,Casa,6,99,Eficiente
COM-02889,2620.8,True,43,Comercio,12,63,Ineficiente
VIV-02890,230.09,True,12,Casa,6,40,Eficiente
COM-02891,831.47,True,36,Comercio,12,176,Eficiente
VIV-02892,368.69,True,16,Casa,12,154,Moderado
VIV-02893,243.89,True,16,Casa,12,132,Eficiente
VIV-02894,369.04,True,19,Casa,6,132,Moderado
VIV-02895,266.54,True,26,Casa,12,98,Eficiente
COM-02896,1592.06,False,62,Comercio,12,60,Ineficiente
VIV-02897,357.52,True,20,Casa,6,154,Moderado
VIV-02898,379.24,True,28,Casa,6,70,Ineficiente
VIV-02899,432.9,True,32,Casa,6,57,Ineficiente
VIV-02900,314.26,True,30,Casa,12,106,Moderado
COM-02901,2160.68,False,45,Comercio,12,188,Eficiente
VIV-02902,389.54,True,19,Casa,12,89,Ineficiente
VIV-02903,385.1,True,23,Casa,6,52,Ineficiente
VIV-02904,271.16,True,25,Casa,6,62,Eficiente
VIV-02905,461.95,True,31,Casa,6,103,Ineficiente
COM-02906,2276.4,False,42,Comercio,12,162,Moderado
VIV-02907,411.78,True,25,Casa,12,111,Ineficiente
COM-02908,1749.09,True,47,Comercio,12,151,Eficiente
VIV-02909,458.42,True,32,Casa,6,127,Ineficiente
VIV-02910,393.25,True,25,Casa,6,58,Ineficiente
VIV-02911,235.92,True,13,Casa,12,58,Eficiente
COM-02912,2175.59,False,63,Comercio,12,51,Ineficiente
COM-02913,2950.6,True,67,Comercio,12,95,Ineficiente
VIV-02914,314.21,True,27,Casa,12,46,Moderado
VIV-02915,363.77,True,13,Casa,6,98,Moderado
COM-02916,2322.23,False,51,Comercio,12,90,Ineficiente
VIV-02917,286.47,True,32,Casa,12,71,Moderado
VIV-02918,228.0,True,15,Casa,6,72,Eficiente
VIV-02919,290.3,True,28,Casa,6,47,Moderado
VIV-02920,238.66,True,16,Casa,6,100,Eficiente
COM-02921,1556.87,True,53,Comercio,12,76,Moderado
VIV-02922,365.78,True,14,Casa,6,108,Moderado
COM-02923,1077.0,True,56,Comercio,12,50,Moderado
VIV-02924,341.69,True,14,Casa,6,105,Moderado
COM-02925,1606.77,True,32,Comercio,12,142,Eficiente
VIV-02926,241.72,True,23,Casa,6,97,Eficiente
VIV-02927,389.88,True,22,Casa,6,77,Ineficiente
VIV-02928,236.3,True,12,Casa,6,48,Eficiente
COM-02929,1553.96,False,34,Comercio,12,90,Moderado
COM-02930,2305.35,True,44,Comercio,12,168,Moderado
COM-02931,2027.09,True,51,Comercio,12,191,Eficiente
COM-02932,2474.64,False,28,Comercio,12,39,Ineficiente
VIV-02933,268.03,True,31,Casa,12,102,Eficiente
VIV-02934,280.26,True,26,Casa,6,90,Moderado
VIV-02935,235.24,True,17,Casa,6,67,Eficiente
VIV-02936,274.32,True,26,Casa,6,142,Eficiente
COM-02937,2401.77,False,67,Comercio,12,163,Moderado
VIV-02938,299.11,True,25,Casa,6,73,Moderado
VIV-02939,229.46,True,16,Casa,12,68,Eficiente
VIV-02940,390.08,True,20,Casa,6,125,Ineficiente
VIV-02941,283.77,True,23,Casa,6,81,Moderado
COM-02942,2747.45,True,66,Comercio,12,186,Moderado
VIV-02943,353.51,True,19,Casa,6,76,Moderado
VIV-02944,224.8,True,16,Casa,6,99,Eficiente
VIV-02945,257.88,True,19,Casa,6,91,Eficiente
VIV-02946,259.07,True,16,Casa,12,112,Eficiente
VIV-02947,343.08,True,13,Casa,6,102,Moderado
VIV-02948,386.96,True,28,Casa,6,81,Ineficiente
VIV-02949,371.87,True,23,Casa,6,59,Ineficiente
VIV-02950,282.16,True,23,Casa,12,104,Moderado
COM-02951,3131.26,True,46,Comercio,12,71,Ineficiente
VIV-02952,266.96,True,24,Casa,6,126,Eficiente
VIV-02953,285.76,True,23,Casa,12,74,Moderado
VIV-02954,390.31,True,18,Casa,12,78,Ineficiente
VIV-02955,223.09,True,15,Casa,6,84,Eficiente
VIV-02956,425.85,True,25,Casa,6,103,Ineficiente
VIV-02957,310.33,True,29,Casa,6,95,Moderado
VIV-02958,403.99,True,27,Casa,6,115,Ineficiente
COM-02959,2146.9,True,69,Comercio,12,198,Eficiente
VIV-02960,237.74,True,17,Casa,6,70,Eficiente
COM-02961,1220.8,True,69,Comercio,12,84,Moderado
COM-02962,2846.23,True,40,Comercio,12,34,Ineficiente
COM-02963,2768.28,False,50,Comercio,12,101,Ineficiente
VIV-02964,374.56,True,15,Casa,6,97,Ineficiente
COM-02965,2373.37,True,68,Comercio,12,140,Moderado
VIV-02966,246.02,True,14,Casa,6,80,Eficiente
COM-02967,2234.72,False,65,Comercio,12,31,Ineficiente
VIV-02968,363.02,True,14,Casa,6,108,Moderado
VIV-02969,380.16,True,22,Casa,6,55,Ineficiente
VIV-02970,357.08,True,14,Casa,6,69,Moderado
VIV-02971,278.67,True,23,Casa,6,97,Moderado
COM-02972,2434.68,True,27,Comercio,12,80,Ineficiente
VIV-02973,403.43,True,23,Casa,6,72,Ineficiente
COM-02974,1572.48,True,68,Comercio,12,31,Ineficiente
VIV-02975,267.77,True,30,Casa,6,65,Eficiente
VIV-02976,358.77,True,13,Casa,12,92,Moderado
COM-02977,1000.22,True,50,Comercio,12,119,Eficiente
COM-02978,2065.37,True,45,Comercio,12,103,Moderado
VIV-02979,392.31,True,22,Casa,6,82,Ineficiente
VIV-02980,420.98,True,27,Casa,12,87,Ineficiente
COM-02981,1050.91,True,36,Comercio,12,91,Eficiente
VIV-02982,252.75,True,15,Casa,12,66,Eficiente
VIV-02983,455.06,True,30,Casa,12,113,Ineficiente
COM-02984,1129.5,False,51,Comercio,12,140,Eficiente
VIV-02985,401.59,True,28,Casa,6,121,Ineficiente
VIV-02986,402.62,True,21,Casa,6,74,Ineficiente
VIV-02987,393.24,True,20,Casa,12,88,Ineficiente
VIV-02988,243.49,True,14,Casa,6,88,Eficiente
VIV-02989,371.84,True,21,Casa,6,123,Ineficiente
VIV-02990,454.77,True,31,Casa,12,111,Ineficiente
COM-02991,1414.24,True,42,Comercio,12,113,Eficiente
VIV-02992,391.68,True,18,Casa,6,75,Ineficiente
VIV-02993,280.68,True,29,Casa,12,78,Moderado
VIV-02994,253.43,True,23,Casa,6,92,Eficiente
COM-02995,2225.52,True,42,Comercio,12,124,Moderado
VIV-02996,244.48,True,21,Casa,12,82,Eficiente
VIV-02997,403.91,True,24,Casa,6,116,Ineficiente
VIV-02998,228.06,True,15,Casa,6,136,Eficiente
VIV-02999,215.55,True,12,Casa,6,107,Eficiente
COM-03000,2689.09,True,62,Comercio,12,110,Ineficiente
COM-03001,1244.79,False,68,Comercio,12,105,Eficiente
VIV-03002,370.73,True,17,Casa,12,83,Moderado
VIV-03003,435.64,True,29,Casa,12,105,Ineficiente
COM-03004,1456.81,True,32,Comercio,12,187,Eficiente
COM-03005,2180.09,True,56,Comercio,12,49,Ineficiente
COM-03006,1783.15,False,67,Comercio,12,172,Eficiente
VIV-03007,395.62,True,28,Casa,6,109,Ineficiente
VIV-03008,258.75,True,22,Casa,12,72,Eficiente
VIV-03009,300.76,True,25,Casa,6,102,Moderado
VIV-03010,226.13,True,16,Casa,6,112,Eficiente
COM-03011,894.56,False,59,Comercio,12,196,Eficiente
COM-03012,1627.43,True,58,Comercio,12,135,Eficiente
VIV-03013,397.15,True,26,Casa,6,109,Ineficiente
COM-03014,914.19,False,49,Comercio,12,51,Moderado
COM-03015,2199.06,False,50,Comercio,12,157,Moderado
COM-03016,2055.4,False,33,Comercio,12,70,Ineficiente
VIV-03017,240.97,True,13,Casa,6,100,Eficiente
COM-03018,1734.62,True,60,Comercio,12,194,Eficiente
VIV-03019,399.74,True,30,Casa,6,94,Ineficiente
COM-03020,1647.0,False,59,Comercio,12,54,Ineficiente
VIV-03021,347.67,True,12,Casa,6,70,Moderado
VIV-03022,421.16,True,30,Casa,12,100,Ineficiente
VIV-03023,244.49,True,19,Casa,6,97,Eficiente
VIV-03024,246.6,True,16,Casa,12,87,Eficiente
VIV-03025,288.76,True,25,Casa,6,86,Moderado
VIV-03026,291.35,True,25,Casa,12,104,Moderado
VIV-03027,337.48,True,13,Casa,12,93,Moderado
VIV-03028,253.22,True,18,Casa,6,65,Eficiente
VIV-03029,220.53,True,13,Casa,12,83,Eficiente
VIV-03030,288.56,True,30,Casa,12,60,Moderado
VIV-03031,394.2,True,19,Casa,12,145,Ineficiente
VIV-03032,374.86,True,15,Casa,6,53,Ineficiente
VIV-03033,250.43,True,17,Casa,6,80,Eficiente
VIV-03034,412.5,True,25,Casa,6,115,Ineficiente
COM-03035,2396.06,True,61,Comercio,12,182,Moderado
VIV-03036,465.17,True,32,Casa,6,102,Ineficiente
VIV-03037,427.1,True,28,Casa,6,40,Ineficiente
VIV-03038,334.04,True,30,Casa,12,106,Moderado
COM-03039,2257.34,False,57,Comercio,12,141,Moderado
VIV-03040,268.03,True,31,Casa,6,127,Eficiente
VIV-03041,244.39,True,21,Casa,6,80,Eficiente
VIV-03042,375.0,True,19,Casa,12,67,Ineficiente
COM-03043,1362.74,True,29,Comercio,12,184,Eficiente
VIV-03044,432.23,True,32,Casa,6,113,Ineficiente
VIV-03045,384.51,True,24,Casa,12,105,Ineficiente
VIV-03046,392.81,True,28,Casa,12,69,Ineficiente
VIV-03047,379.36,True,28,Casa,6,87,Ineficiente
VIV-03048,247.78,True,19,Casa,6,130,Eficiente
VIV-03049,390.56,True,21,Casa,6,82,Ineficiente
VIV-03050,350.1,True,16,Casa,6,95,Moderado
VIV-03051,427.99,True,29,Casa,6,57,Ineficiente
VIV-03052,414.54,True,32,Casa,6,101,Ineficiente
VIV-03053,296.27,True,28,Casa,12,95,Moderado
VIV-03054,263.93,True,19,Casa,6,92,Eficiente
VIV-03055,405.79,True,27,Casa,6,100,Ineficiente
VIV-03056,359.65,True,15,Casa,6,56,Moderado
COM-03057,1823.11,False,66,Comercio,12,134,Moderado
VIV-03058,427.16,True,27,Casa,6,86,Ineficiente
VIV-03059,229.54,True,18,Casa,12,72,Eficiente
COM-03060,2783.25,True,60,Comercio,12,104,Ineficiente
VIV-03061,351.14,True,12,Casa,6,40,Moderado
COM-03062,1167.14,False,64,Comercio,12,168,Eficiente
VIV-03063,244.43,True,20,Casa,12,144,Eficiente
VIV-03064,391.84,True,21,Casa,6,74,Ineficiente
VIV-03065,239.99,True,15,Casa,6,121,Eficiente
COM-03066,1872.07,True,72,Comercio,12,103,Moderado
COM-03067,1938.51,False,25,Comercio,12,60,Ineficiente
VIV-03068,408.51,True,22,Casa,6,79,Ineficiente
VIV-03069,230.6,True,16,Casa,6,68,Eficiente
VIV-03070,337.72,True,31,Casa,12,119,Moderado
VIV-03071,245.09,True,18,Casa,6,84,Eficiente
VIV-03072,287.74,True,31,Casa,6,76,Moderado
VIV-03073,393.98,True,28,Casa,6,93,Ineficiente
COM-03074,978.19,False,42,Comercio,12,75,Moderado
VIV-03075,267.19,True,20,Casa,6,80,Eficiente
COM-03076,2781.22,False,70,Comercio,12,106,Ineficiente
COM-03077,3274.01,True,58,Comercio,12,168,Moderado
VIV-03078,311.04,True,26,Casa,6,95,Moderado
VIV-03079,224.21,True,14,Casa,6,108,Eficiente
VIV-03080,401.26,True,29,Casa,6,66,Ineficiente
VIV-03081,224.91,True,14,Casa,6,47,Eficiente
VIV-03082,234.53,True,13,Casa,12,88,Eficiente
VIV-03083,310.97,True,31,Casa,12,65,Moderado
COM-03084,1639.98,True,41,Comercio,12,143,Eficiente
COM-03085,2295.4,True,69,Comercio,12,84,Ineficiente
VIV-03086,365.5,True,15,Casa,6,77,Moderado
VIV-03087,291.96,True,30,Casa,12,69,Moderado
VIV-03088,416.38,True,23,Casa,6,115,Ineficiente
COM-03089,839.23,False,51,Comercio,12,54,Moderado
VIV-03090,393.98,True,28,Casa,6,76,Ineficiente
VIV-03091,312.8,True,32,Casa,12,95,Moderado
VIV-03092,451.25,True,31,Casa,6,120,Ineficiente
VIV-03093,358.91,True,13,Casa,6,79,Moderado
VIV-03094,266.53,True,19,Casa,6,92,Eficiente
COM-03095,3196.51,True,47,Comercio,12,190,Moderado
VIV-03096,218.89,True,13,Casa,6,63,Eficiente
COM-03097,3154.5,False,31,Comercio,12,63,Ineficiente
COM-03098,2644.89,True,60,Comercio,12,67,Ineficiente
COM-03099,2802.26,False,41,Comercio,12,144,Moderado
VIV-03100,414.14,True,32,Casa,12,103,Ineficiente
COM-03101,1592.53,False,61,Comercio,12,53,Ineficiente
VIV-03102,368.87,True,24,Casa,6,117,Moderado
VIV-03103,255.36,True,16,Casa,6,108,Eficiente
VIV-03104,434.93,True,27,Casa,6,47,Ineficiente
VIV-03105,428.85,True,25,Casa,6,84,Ineficiente
VIV-03106,280.12,True,32,Casa,12,97,Moderado
VIV-03107,211.63,True,12,Casa,6,85,Eficiente
VIV-03108,404.63,True,28,Casa,6,151,Ineficiente
VIV-03109,284.23,True,21,Casa,6,44,Moderado
VIV-03110,215.43,True,13,Casa,12,84,Eficiente
VIV-03111,271.02,True,24,Casa,12,66,Eficiente
VIV-03112,411.3,True,22,Casa,6,98,Ineficiente
VIV-03113,263.99,True,24,Casa,6,81,Eficiente
VIV-03114,359.66,True,13,Casa,12,89,Moderado
COM-03115,1632.6,True,36,Comercio,12,118,Moderado
COM-03116,982.02,False,64,Comercio,12,170,Eficiente
VIV-03117,261.56,True,23,Casa,12,40,Eficiente
VIV-03118,343.85,True,14,Casa,6,94,Moderado
VIV-03119,252.68,True,19,Casa,6,45,Eficiente
VIV-03120,369.05,True,17,Casa,12,75,Moderado
COM-03121,2375.1,False,64,Comercio,12,94,Ineficiente
VIV-03122,400.77,True,32,Casa,12,91,Ineficiente
VIV-03123,244.22,True,18,Casa,12,51,Eficiente
VIV-03124,242.51,True,21,Casa,6,90,Eficiente
VIV-03125,368.64,True,17,Casa,6,122,Moderado
COM-03126,1138.03,False,55,Comercio,12,65,Moderado
VIV-03127,255.34,True,21,Casa,6,105,Eficiente
VIV-03128,399.31,True,26,Casa,6,43,Ineficiente
VIV-03129,321.03,True,32,Casa,12,122,Moderado
VIV-03130,343.37,True,14,Casa,12,84,Moderado
COM-03131,3259.89,True,43,Comercio,12,135,Ineficiente
VIV-03132,388.22,True,18,Casa,6,44,Ineficiente
VIV-03133,295.92,True,32,Casa,6,86,Moderado
VIV-03134,430.89,True,31,Casa,6,70,Ineficiente
VIV-03135,353.97,True,15,Casa,12,100,Moderado
VIV-03136,250.27,True,18,Casa,6,92,Eficiente
COM-03137,1549.9,False,47,Comercio,12,167,Eficiente
VIV-03138,358.99,True,17,Casa,6,42,Moderado
VIV-03139,378.7,True,17,Casa,6,111,Ineficiente
VIV-03140,261.28,True,20,Casa,6,40,Eficiente
VIV-03141,361.23,True,21,Casa,6,100,Moderado
VIV-03142,381.76,True,25,Casa,12,120,Ineficiente
VIV-03143,406.6,True,25,Casa,6,64,Ineficiente
VIV-03144,412.47,True,30,Casa,12,107,Ineficiente
VIV-03145,387.97,True,20,Casa,12,108,Ineficiente
VIV-03146,248.54,True,18,Casa,6,67,Eficiente
VIV-03147,356.83,True,17,Casa,12,111,Moderado
VIV-03148,433.09,True,29,Casa,6,98,Ineficiente
VIV-03149,400.39,True,25,Casa,6,102,Ineficiente
VIV-03150,321.03,True,32,Casa,12,60,Moderado
COM-03151,985.09,False,40,Comercio,12,129,Eficiente
COM-03152,2251.44,True,51,Comercio,12,36,Ineficiente
VIV-03153,426.58,True,25,Casa,6,103,Ineficiente
COM-03154,2572.85,True,41,Comercio,12,198,Moderado
COM-03155,1451.07,False,42,Comercio,12,121,Eficiente
VIV-03156,218.05,True,14,Casa,6,88,Eficiente
VIV-03157,434.41,True,31,Casa,6,99,Ineficiente
VIV-03158,348.26,True,12,Casa,6,97,Moderado
COM-03159,2186.44,False,48,Comercio,12,176,Eficiente
VIV-03160,246.86,True,24,Casa,12,98,Eficiente
VIV-03161,357.65,True,15,Casa,6,98,Moderado
VIV-03162,242.74,True,15,Casa,6,82,Eficiente
VIV-03163,421.16,True,32,Casa,12,108,Ineficiente
COM-03164,3298.92,False,36,Comercio,12,35,Ineficiente
COM-03165,926.03,False,29,Comercio,12,32,Ineficiente
COM-03166,2199.74,False,47,Comercio,12,45,Ineficiente
COM-03167,1637.92,True,35,Comercio,12,51,Ineficiente
VIV-03168,276.73,True,28,Casa,6,81,Moderado
COM-03169,3317.8,False,53,Comercio,12,135,Ineficiente
COM-03170,2197.08,True,63,Comercio,12,155,Moderado
VIV-03171,376.07,True,25,Casa,6,114,Ineficiente
COM-03172,2072.14,False,37,Comercio,12,42,Ineficiente
VIV-03173,401.38,True,29,Casa,6,95,Ineficiente
VIV-03174,263.31,True,19,Casa,12,90,Eficiente
VIV-03175,392.06,True,19,Casa,6,92,Ineficiente
VIV-03176,373.85,True,23,Casa,12,40,Ineficiente
VIV-03177,248.18,True,18,Casa,6,97,Eficiente
VIV-03178,361.4,True,21,Casa,12,80,Moderado
VIV-03179,369.46,True,24,Casa,12,87,Moderado
VIV-03180,354.92,True,12,Casa,6,82,Moderado
VIV-03181,373.93,True,26,Casa,6,87,Ineficiente
COM-03182,1471.73,False,33,Comercio,12,185,Eficiente
VIV-03183,407.05,True,30,Casa,12,82,Ineficiente
VIV-03184,305.49,True,31,Casa,12,98,Moderado
VIV-03185,264.52,True,29,Casa,6,98,Eficiente
COM-03186,1638.45,True,33,Comercio,12,147,Eficiente
VIV-03187,230.36,True,14,Casa,6,83,Eficiente
VIV-03188,260.91,True,22,Casa,6,112,Eficiente
COM-03189,2612.7,False,57,Comercio,12,166,Moderado
VIV-03190,275.33,True,30,Casa,6,44,Eficiente
COM-03191,2337.03,True,45,Comercio,12,155,Moderado
VIV-03192,218.38,True,12,Casa,6,133,Eficiente
VIV-03193,263.23,True,18,Casa,12,40,Eficiente
VIV-03194,395.91,True,31,Casa,6,140,Ineficiente
VIV-03195,269.41,True,23,Casa,6,102,Eficiente
VIV-03196,235.14,True,15,Casa,6,129,Eficiente
VIV-03197,252.43,True,25,Casa,6,69,Eficiente
VIV-03198,373.03,True,16,Casa,6,85,Ineficiente
COM-03199,2381.36,True,56,Comercio,12,75,Ineficiente
VIV-03200,440.21,True,27,Casa,6,86,Ineficiente
VIV-03201,279.89,True,23,Casa,12,124,Moderado
VIV-03202,447.08,True,32,Casa,6,120,Ineficiente
VIV-03203,287.93,True,26,Casa,12,99,Moderado
COM-03204,2664.58,True,44,Comercio,12,51,Ineficiente
VIV-03205,283.69,True,24,Casa,6,86,Moderado
VIV-03206,219.42,True,12,Casa,12,111,Eficiente
VIV-03207,251.18,True,25,Casa,6,114,Eficiente
VIV-03208,226.31,True,12,Casa,6,94,Eficiente
VIV-03209,240.74,True,16,Casa,12,88,Eficiente
VIV-03210,370.91,True,26,Casa,6,84,Ineficiente
COM-03211,1150.06,False,60,Comercio,12,197,Eficiente
COM-03212,2112.92,False,53,Comercio,12,136,Moderado
COM-03213,837.6,True,26,Comercio,12,169,Eficiente
COM-03214,2807.91,True,44,Comercio,12,122,Ineficiente
COM-03215,2170.22,False,40,Comercio,12,172,Eficiente
VIV-03216,347.22,True,12,Casa,6,100,Moderado
VIV-03217,390.66,True,25,Casa,12,93,Ineficiente
VIV-03218,279.19,True,21,Casa,6,73,Moderado
VIV-03219,232.54,True,17,Casa,6,113,Eficiente
VIV-03220,261.2,True,20,Casa,6,105,Eficiente
VIV-03221,286.92,True,22,Casa,6,51,Moderado
COM-03222,2188.84,False,36,Comercio,12,179,Eficiente
VIV-03223,422.44,True,27,Casa,6,68,Ineficiente
VIV-03224,232.88,True,12,Casa,6,107,Eficiente
VIV-03225,256.39,True,27,Casa,6,106,Eficiente
VIV-03226,333.14,True,12,Casa,12,76,Moderado
VIV-03227,382.73,True,19,Casa,6,64,Ineficiente
VIV-03228,369.76,True,24,Casa,12,112,Moderado
VIV-03229,258.85,True,20,Casa,6,105,Eficiente
VIV-03230,319.8,True,29,Casa,6,84,Moderado
COM-03231,1499.92,False,29,Comercio,12,66,Moderado
VIV-03232,270.12,True,31,Casa,12,56,Eficiente
VIV-03233,354.56,True,13,Casa,6,40,Moderado
COM-03234,1737.33,False,67,Comercio,12,193,Eficiente
VIV-03235,236.37,True,13,Casa,12,67,Eficiente
COM-03236,2325.1,True,59,Comercio,12,190,Eficiente
VIV-03237,310.05,True,27,Casa,6,80,Moderado
COM-03238,2152.96,False,39,Comercio,12,171,Eficiente
COM-03239,2301.75,True,58,Comercio,12,71,Ineficiente
VIV-03240,337.07,True,31,Casa,6,56,Moderado
VIV-03241,445.85,True,29,Casa,12,98,Ineficiente
VIV-03242,328.06,True,31,Casa,6,139,Moderado
VIV-03243,215.68,True,13,Casa,6,74,Eficiente
VIV-03244,262.9,True,20,Casa,12,92,Eficiente
VIV-03245,246.37,True,15,Casa,6,62,Eficiente
COM-03246,2072.92,False,56,Comercio,12,85,Ineficiente
VIV-03247,374.51,True,15,Casa,6,94,Ineficiente
COM-03248,2243.47,True,59,Comercio,12,141,Moderado
VIV-03249,268.88,True,25,Casa,6,83,Eficiente
COM-03250,1151.21,True,38,Comercio,12,30,Ineficiente
VIV-03251,431.42,True,28,Casa,6,67,Ineficiente
VIV-03252,353.25,True,14,Casa,6,80,Moderado
VIV-03253,230.18,True,12,Casa,6,81,Eficiente
VIV-03254,211.19,True,12,Casa,12,97,Eficiente
COM-03255,2809.13,False,66,Comercio,12,61,Ineficiente
VIV-03256,217.56,True,13,Casa,6,80,Eficiente
VIV-03257,271.35,True,27,Casa,6,102,Eficiente
COM-03258,2853.77,True,63,Comercio,12,102,Ineficiente
VIV-03259,264.94,True,27,Casa,6,94,Eficiente
VIV-03260,422.75,True,25,Casa,12,115,Ineficiente
VIV-03261,376.91,True,19,Casa,6,80,Ineficiente
VIV-03262,338.5,True,31,Casa,12,88,Moderado
VIV-03263,259.49,True,18,Casa,6,71,Eficiente
VIV-03264,242.33,True,17,Casa,12,115,Eficiente
VIV-03265,248.89,True,15,Casa,6,121,Eficiente
COM-03266,2108.67,False,37,Comercio,12,169,Eficiente
VIV-03267,354.78,True,12,Casa,6,106,Moderado
VIV-03268,450.71,True,29,Casa,6,93,Ineficiente
VIV-03269,359.93,True,16,Casa,12,137,Moderado
COM-03270,1630.87,True,53,Comercio,12,45,Ineficiente
VIV-03271,249.16,True,26,Casa,6,86,Eficiente
VIV-03272,393.52,True,28,Casa,6,97,Ineficiente
VIV-03273,409.68,True,32,Casa,6,98,Ineficiente
VIV-03274,369.32,True,23,Casa,6,109,Moderado
VIV-03275,397.76,True,23,Casa,6,85,Ineficiente
VIV-03276,405.5,True,24,Casa,12,164,Ineficiente
VIV-03277,228.94,True,15,Casa,6,117,Eficiente
VIV-03278,242.57,True,16,Casa,6,85,Eficiente
VIV-03279,275.09,True,19,Casa,6,74,Eficiente
COM-03280,2238.64,False,37,Comercio,12,106,Moderado
VIV-03281,347.03,True,13,Casa,6,93,Moderado
VIV-03282,219.78,True,14,Casa,6,71,Eficiente
VIV-03283,300.76,True,25,Casa,6,92,Moderado
COM-03284,2613.18,False,31,Comercio,12,89,Ineficiente
COM-03285,1098.02,False,46,Comercio,12,77,Moderado
VIV-03286,370.25,True,24,Casa,6,102,Moderado
VIV-03287,245.41,True,19,Casa,6,65,Eficiente
VIV-03288,241.18,True,16,Casa,6,65,Eficiente
VIV-03289,271.22,True,32,Casa,12,62,Eficiente
VIV-03290,270.27,True,20,Casa,6,92,Eficiente
COM-03291,1124.28,False,70,Comercio,12,157,Eficiente
VIV-03292,342.72,True,12,Casa,6,82,Moderado
VIV-03293,392.6,True,19,Casa,6,119,Ineficiente
VIV-03294,266.89,True,30,Casa,6,73,Eficiente
VIV-03295,281.02,True,24,Casa,6,51,Moderado
COM-03296,1528.65,False,44,Comercio,12,65,Ineficiente
VIV-03297,382.14,True,26,Casa,6,45,Ineficiente
VIV-03298,366.57,True,22,Casa,6,118,Moderado
VIV-03299,356.76,True,17,Casa,12,97,Moderado
VIV-03300,452.88,True,32,Casa,6,66,Ineficiente
VIV-03301,298.12,True,27,Casa,6,105,Moderado
COM-03302,1041.98,True,53,Comercio,12,107,Eficiente
VIV-03303,235.32,True,16,Casa,6,99,Eficiente
COM-03304,2242.93,True,49,Comercio,12,130,Moderado
VIV-03305,401.33,True,25,Casa,12,77,Ineficiente
VIV-03306,394.32,True,21,Casa,6,82,Ineficiente
VIV-03307,443.94,True,28,Casa,6,116,Ineficiente
VIV-03308,403.3,True,21,Casa,6,102,Ineficiente
VIV-03309,280.8,True,27,Casa,12,114,Moderado
VIV-03310,338.67,True,14,Casa,12,52,Moderado
VIV-03311,214.59,True,13,Casa,6,81,Eficiente
VIV-03312,263.6,True,31,Casa,6,40,Eficiente
VIV-03313,305.86,True,26,Casa,6,93,Moderado
VIV-03314,369.07,True,14,Casa,12,62,Moderado
VIV-03315,233.63,True,19,Casa,6,82,Eficiente
COM-03316,1564.25,True,45,Comercio,12,181,Eficiente
VIV-03317,392.67,True,22,Casa,12,59,Ineficiente
COM-03318,1393.34,True,36,Comercio,12,42,Ineficiente
VIV-03319,243.56,True,15,Casa,6,120,Eficiente
VIV-03320,296.1,True,27,Casa,6,79,Moderado
VIV-03321,276.51,True,20,Casa,6,60,Moderado
VIV-03322,420.19,True,27,Casa,6,114,Ineficiente
COM-03323,1314.63,True,73,Comercio,12,133,Eficiente
VIV-03324,399.8,True,20,Casa,12,113,Ineficiente
VIV-03325,409.07,True,30,Casa,12,143,Ineficiente
VIV-03326,373.63,True,15,Casa,6,153,Ineficiente
VIV-03327,351.09,True,17,Casa,6,98,Moderado
COM-03328,2129.54,True,45,Comercio,12,172,Eficiente
VIV-03329,241.52,True,13,Casa,6,105,Eficiente
VIV-03330,428.58,True,26,Casa,12,83,Ineficiente
VIV-03331,357.83,True,15,Casa,6,88,Moderado
VIV-03332,314.69,True,32,Casa,6,122,Moderado
VIV-03333,283.72,True,21,Casa,12,117,Moderado
VIV-03334,432.63,True,32,Casa,6,69,Ineficiente
VIV-03335,377.39,True,21,Casa,6,61,Ineficiente
VIV-03336,394.83,True,32,Casa,6,75,Ineficiente
VIV-03337,273.27,True,20,Casa,12,104,Eficiente
VIV-03338,253.47,True,16,Casa,6,40,Eficiente
VIV-03339,407.57,True,21,Casa,6,103,Ineficiente
VIV-03340,226.84,True,12,Casa,6,91,Eficiente
VIV-03341,379.99,True,29,Casa,12,99,Ineficiente
VIV-03342,399.31,True,29,Casa,12,103,Ineficiente
VIV-03343,382.63,True,24,Casa,6,44,Ineficiente
VIV-03344,362.23,True,19,Casa,12,75,Moderado
VIV-03345,268.16,True,26,Casa,6,143,Eficiente
VIV-03346,375.05,True,18,Casa,12,120,Ineficiente
VIV-03347,356.83,True,17,Casa,6,90,Moderado
VIV-03348,432.23,True,32,Casa,6,73,Ineficiente
COM-03349,2370.5,False,65,Comercio,12,103,Ineficiente
VIV-03350,234.45,True,12,Casa,6,85,Eficiente
VIV-03351,445.23,True,30,Casa,6,105,Ineficiente
VIV-03352,277.79,True,28,Casa,6,81,Moderado
COM-03353,2073.65,False,51,Comercio,12,110,Moderado
VIV-03354,231.59,True,17,Casa,12,81,Eficiente
VIV-03355,401.08,True,21,Casa,6,72,Ineficiente
VIV-03356,391.14,True,22,Casa,12,103,Ineficiente
COM-03357,1587.12,True,55,Comercio,12,81,Moderado
VIV-03358,278.91,True,22,Casa,6,92,Moderado
VIV-03359,354.6,True,14,Casa,6,67,Moderado
VIV-03360,232.52,True,20,Casa,6,73,Eficiente
COM-03361,1770.35,False,56,Comercio,12,154,Eficiente
VIV-03362,377.31,True,21,Casa,12,93,Ineficiente
VIV-03363,269.3,True,25,Casa,6,74,Eficiente
VIV-03364,287.48,True,29,Casa,6,108,Moderado
VIV-03365,356.64,True,13,Casa,6,59,Moderado
VIV-03366,411.39,True,22,Casa,6,141,Ineficiente
COM-03367,2153.41,False,39,Comercio,12,125,Moderado
COM-03368,1522.22,False,39,Comercio,12,170,Eficiente
VIV-03369,428.63,True,27,Casa,6,102,Ineficiente
VIV-03370,273.11,True,19,Casa,6,64,Eficiente
VIV-03371,269.05,True,19,Casa,6,90,Eficiente
VIV-03372,402.75,True,27,Casa,6,85,Ineficiente
VIV-03373,348.62,True,13,Casa,6,93,Moderado
COM-03374,857.27,True,30,Comercio,12,37,Ineficiente
VIV-03375,286.27,True,25,Casa,6,127,Moderado
COM-03376,1997.66,False,39,Comercio,12,138,Moderado
VIV-03377,306.94,True,26,Casa,6,103,Moderado
VIV-03378,241.11,True,20,Casa,12,83,Eficiente
COM-03379,2249.61,False,59,Comercio,12,77,Ineficiente
VIV-03380,428.04,True,32,Casa,6,136,Ineficiente
COM-03381,1741.1,False,59,Comercio,12,86,Moderado
VIV-03382,381.47,True,17,Casa,6,164,Ineficiente
VIV-03383,390.51,True,22,Casa,6,97,Ineficiente
VIV-03384,284.88,True,24,Casa,6,81,Moderado
COM-03385,2318.09,True,58,Comercio,12,53,Ineficiente
VIV-03386,246.07,True,23,Casa,6,79,Eficiente
VIV-03387,367.51,True,14,Casa,6,97,Moderado
VIV-03388,326.43,True,32,Casa,12,109,Moderado
VIV-03389,393.21,True,32,Casa,6,92,Ineficiente
VIV-03390,410.98,True,26,Casa,6,77,Ineficiente
COM-03391,917.58,True,49,Comercio,12,94,Eficiente
VIV-03392,270.68,True,27,Casa,6,85,Eficiente
VIV-03393,344.93,True,16,Casa,6,55,Moderado
VIV-03394,359.74,True,16,Casa,6,96,Moderado
VIV-03395,410.83,True,28,Casa,6,142,Ineficiente
VIV-03396,393.98,True,23,Casa,12,153,Ineficiente
VIV-03397,389.16,True,26,Casa,6,125,Ineficiente
VIV-03398,376.67,True,17,Casa,12,84,Ineficiente
COM-03399,843.08,False,31,Comercio,12,146,Eficiente
VIV-03400,252.34,True,15,Casa,6,65,Eficiente
VIV-03401,274.32,True,22,Casa,6,89,Eficiente
VIV-03402,287.03,True,28,Casa,6,40,Moderado
COM-03403,2475.67,True,35,Comercio,12,40,Ineficiente
VIV-03404,350.28,True,14,Casa,12,103,Moderado
VIV-03405,238.25,True,13,Casa,6,48,Eficiente
VIV-03406,262.34,True,28,Casa,12,79,Eficiente
COM-03407,2293.21,False,41,Comercio,12,194,Eficiente
VIV-03408,379.24,True,23,Casa,6,84,Ineficiente
VIV-03409,273.34,True,19,Casa,6,124,Eficiente
VIV-03410,324.15,True,31,Casa,6,63,Moderado
VIV-03411,434.52,True,32,Casa,6,79,Ineficiente
VIV-03412,274.95,True,22,Casa,12,102,Eficiente
VIV-03413,412.65,True,32,Casa,12,95,Ineficiente
COM-03414,2623.27,True,41,Comercio,12,106,Ineficiente
COM-03415,2296.81,True,52,Comercio,12,56,Ineficiente
VIV-03416,408.38,True,27,Casa,6,97,Ineficiente
VIV-03417,429.53,True,27,Casa,12,75,Ineficiente
VIV-03418,356.67,True,12,Casa,6,61,Moderado
COM-03419,1017.57,True,36,Comercio,12,140,Eficiente
VIV-03420,369.0,True,16,Casa,6,89,Moderado
VIV-03421,247.19,True,20,Casa,6,123,Eficiente
COM-03422,2176.52,True,50,Comercio,12,189,Eficiente
VIV-03423,364.64,True,14,Casa,6,99,Moderado
COM-03424,2333.7,True,71,Comercio,12,38,Ineficiente
VIV-03425,246.31,True,17,Casa,6,64,Eficiente
VIV-03426,399.08,True,23,Casa,12,93,Ineficiente
COM-03427,2154.64,True,41,Comercio,12,107,Moderado
VIV-03428,369.22,True,23,Casa,6,79,Moderado
COM-03429,1420.09,False,41,Comercio,12,151,Eficiente
COM-03430,1704.64,False,36,Comercio,12,190,Eficiente
VIV-03431,342.36,True,32,Casa,6,76,Moderado
COM-03432,2176.28,True,59,Comercio,12,195,Eficiente
VIV-03433,278.61,True,25,Casa,12,88,Moderado
COM-03434,3448.51,True,64,Comercio,12,160,Moderado
COM-03435,2017.77,True,40,Comercio,12,89,Moderado
COM-03436,763.93,True,30,Comercio,12,121,Eficiente
VIV-03437,375.03,True,22,Casa,6,67,Ineficiente
COM-03438,1125.07,True,57,Comercio,12,150,Eficiente
VIV-03439,227.32,True,16,Casa,6,106,Eficiente
VIV-03440,226.61,True,13,Casa,6,90,Eficiente
VIV-03441,324.22,True,30,Casa,6,95,Moderado
VIV-03442,269.95,True,21,Casa,6,41,Eficiente
VIV-03443,368.21,True,14,Casa,6,79,Moderado
VIV-03444,460.71,True,32,Casa,6,135,Ineficiente
COM-03445,1676.39,False,42,Comercio,12,36,Ineficiente
COM-03446,951.62,True,48,Comercio,12,56,Moderado
VIV-03447,273.6,True,27,Casa,6,109,Eficiente
VIV-03448,396.44,True,28,Casa,6,78,Ineficiente
VIV-03449,259.42,True,20,Casa,12,145,Eficiente
VIV-03450,273.23,True,25,Casa,6,115,Eficiente
VIV-03451,409.71,True,25,Casa,12,133,Ineficiente
VIV-03452,456.66,True,32,Casa,6,55,Ineficiente
COM-03453,3430.86,True,61,Comercio,12,190,Moderado
VIV-03454,398.36,True,27,Casa,6,72,Ineficiente
VIV-03455,268.78,True,30,Casa,6,102,Eficiente
COM-03456,1638.59,False,68,Comercio,12,144,Eficiente
VIV-03457,395.3,True,29,Casa,6,141,Ineficiente
VIV-03458,340.61,True,32,Casa,6,113,Moderado
VIV-03459,339.51,True,13,Casa,6,45,Moderado
VIV-03460,249.84,True,25,Casa,6,65,Eficiente
VIV-03461,250.62,True,24,Casa,6,89,Eficiente
VIV-03462,254.25,True,27,Casa,6,119,Eficiente
COM-03463,2150.1,True,56,Comercio,12,171,Eficiente
COM-03464,2225.7,False,70,Comercio,12,110,Moderado
VIV-03465,384.48,True,22,Casa,6,121,Ineficiente
VIV-03466,356.95,True,19,Casa,6,141,Moderado
VIV-03467,355.5,True,13,Casa,6,87,Moderado
VIV-03468,258.51,True,16,Casa,6,64,Eficiente
VIV-03469,342.58,True,13,Casa,6,115,Moderado
VIV-03470,253.54,True,21,Casa,6,118,Eficiente
COM-03471,1707.01,True,56,Comercio,12,90,Moderado
COM-03472,1522.5,True,30,Comercio,12,67,Moderado
VIV-03473,355.68,True,18,Casa,6,79,Moderado
COM-03474,2770.11,False,61,Comercio,12,119,Ineficiente
VIV-03475,376.88,True,20,Casa,6,103,Ineficiente
VIV-03476,371.41,True,25,Casa,6,102,Ineficiente
VIV-03477,274.7,True,30,Casa,12,95,Eficiente
VIV-03478,360.77,True,19,Casa,6,87,Moderado
VIV-03479,391.5,True,21,Casa,6,106,Ineficiente
VIV-03480,345.47,True,32,Casa,6,79,Moderado
VIV-03481,290.35,True,31,Casa,6,62,Moderado
VIV-03482,392.09,True,23,Casa,6,84,Ineficiente
VIV-03483,289.63,True,23,Casa,6,78,Moderado
VIV-03484,380.84,True,24,Casa,6,104,Ineficiente
COM-03485,2862.02,False,43,Comercio,12,162,Moderado
VIV-03486,285.44,True,25,Casa,6,54,Moderado
VIV-03487,432.63,True,32,Casa,6,63,Ineficiente
VIV-03488,227.07,True,17,Casa,12,76,Eficiente
VIV-03489,385.45,True,17,Casa,6,98,Ineficiente
VIV-03490,247.55,True,19,Casa,6,73,Eficiente
COM-03491,2019.2,True,31,Comercio,12,59,Ineficiente
VIV-03492,378.14,True,19,Casa,6,80,Ineficiente
VIV-03493,308.02,True,29,Casa,6,78,Moderado
VIV-03494,455.16,True,31,Casa,6,97,Ineficiente
VIV-03495,300.14,True,31,Casa,12,85,Moderado
COM-03496,816.75,True,25,Comercio,12,139,Eficiente
COM-03497,1602.36,False,55,Comercio,12,67,Ineficiente
VIV-03498,235.84,True,15,Casa,6,82,Eficiente
VIV-03499,420.8,True,26,Casa,6,128,Ineficiente
COM-03500,2044.18,False,46,Comercio,12,177,Eficiente
VIV-03501,345.02,True,15,Casa,12,115,Moderado
VIV-03502,394.41,True,24,Casa,6,88,Ineficiente
COM-03503,2159.0,False,56,Comercio,12,114,Moderado
VIV-03504,257.73,True,21,Casa,12,62,Eficiente
COM-03505,1570.82,False,62,Comercio,12,91,Moderado
VIV-03506,422.3,True,28,Casa,6,130,Ineficiente
VIV-03507,216.32,True,12,Casa,6,40,Eficiente
COM-03508,939.31,True,40,Comercio,12,105,Eficiente
VIV-03509,337.59,True,31,Casa,6,93,Moderado
VIV-03510,388.35,True,32,Casa,6,135,Ineficiente
VIV-03511,260.38,True,21,Casa,6,86,Eficiente
COM-03512,2103.64,True,58,Comercio,12,44,Ineficiente
VIV-03513,286.88,True,27,Casa,6,131,Moderado
VIV-03514,220.14,True,12,Casa,12,104,Eficiente
VIV-03515,287.05,True,30,Casa,6,43,Moderado
VIV-03516,427.5,True,26,Casa,12,77,Ineficiente
COM-03517,2217.38,False,37,Comercio,12,62,Ineficiente
COM-03518,1994.49,True,36,Comercio,12,84,Ineficiente
VIV-03519,248.13,True,14,Casa,6,45,Eficiente
VIV-03520,229.14,True,12,Casa,6,100,Eficiente
COM-03521,980.64,False,39,Comercio,12,43,Ineficiente
VIV-03522,383.02,True,24,Casa,6,72,Ineficiente
VIV-03523,356.98,True,14,Casa,6,117,Moderado
VIV-03524,370.08,True,18,Casa,6,40,Moderado
VIV-03525,299.52,True,25,Casa,6,50,Moderado
VIV-03526,230.58,True,13,Casa,12,60,Eficiente
VIV-03527,410.49,True,32,Casa,6,108,Ineficiente
VIV-03528,277.55,True,28,Casa,6,87,Moderado
VIV-03529,374.73,True,16,Casa,12,85,Ineficiente
COM-03530,896.09,False,34,Comercio,12,126,Eficiente
VIV-03531,370.37,True,18,Casa,12,113,Moderado
VIV-03532,296.11,True,29,Casa,6,131,Moderado
VIV-03533,404.41,True,24,Casa,6,97,Ineficiente
VIV-03534,262.44,True,17,Casa,6,74,Eficiente
COM-03535,2260.98,False,58,Comercio,12,34,Ineficiente
COM-03536,819.25,False,36,Comercio,12,98,Eficiente
VIV-03537,285.19,True,27,Casa,6,68,Moderado
VIV-03538,238.14,True,14,Casa,6,66,Eficiente
VIV-03539,218.27,True,14,Casa,6,76,Eficiente
VIV-03540,380.47,True,23,Casa,12,86,Ineficiente
VIV-03541,412.12,True,23,Casa,6,125,Ineficiente
VIV-03542,380.66,True,19,Casa,6,116,Ineficiente
VIV-03543,294.04,True,29,Casa,12,71,Moderado
VIV-03544,305.32,True,30,Casa,6,102,Moderado
COM-03545,1435.9,False,61,Comercio,12,186,Eficiente
VIV-03546,248.2,True,17,Casa,6,83,Eficiente
COM-03547,2177.35,False,56,Comercio,12,167,Moderado
VIV-03548,295.26,True,29,Casa,6,95,Moderado
VIV-03549,402.88,True,25,Casa,6,120,Ineficiente
VIV-03550,297.63,True,30,Casa,6,53,Moderado
VIV-03551,376.17,True,25,Casa,12,108,Ineficiente
VIV-03552,370.72,True,20,Casa,6,99,Moderado
VIV-03553,406.57,True,32,Casa,6,70,Ineficiente
VIV-03554,393.75,True,32,Casa,6,96,Ineficiente
VIV-03555,301.69,True,25,Casa,6,131,Moderado
VIV-03556,259.52,True,21,Casa,6,95,Eficiente
VIV-03557,233.01,True,12,Casa,6,90,Eficiente
VIV-03558,345.31,True,14,Casa,6,97,Moderado
VIV-03559,313.97,True,29,Casa,6,90,Moderado
COM-03560,1110.62,False,51,Comercio,12,43,Ineficiente
VIV-03561,240.67,True,13,Casa,6,81,Eficiente
VIV-03562,362.63,True,17,Casa,6,42,Moderado
COM-03563,1471.08,True,33,Comercio,12,176,Eficiente
VIV-03564,414.88,True,25,Casa,6,120,Ineficiente
VIV-03565,239.73,True,16,Casa,12,75,Eficiente
VIV-03566,437.29,True,30,Casa,6,47,Ineficiente
VIV-03567,378.11,True,27,Casa,6,56,Ineficiente
VIV-03568,275.57,True,29,Casa,6,115,Eficiente
VIV-03569,358.67,True,21,Casa,6,68,Moderado
VIV-03570,239.64,True,15,Casa,6,114,Eficiente
VIV-03571,264.76,True,20,Casa,12,77,Eficiente
VIV-03572,373.68,True,22,Casa,6,83,Ineficiente
COM-03573,1538.1,True,31,Comercio,12,48,Ineficiente
COM-03574,2072.88,False,34,Comercio,12,66,Ineficiente
VIV-03575,404.82,True,26,Casa,12,89,Ineficiente
VIV-03576,317.74,True,29,Casa,6,99,Moderado
VIV-03577,274.18,True,19,Casa,6,78,Eficiente
VIV-03578,368.75,True,23,Casa,12,83,Moderado
VIV-03579,344.93,True,14,Casa,6,76,Moderado
VIV-03580,433.76,True,26,Casa,6,75,Ineficiente
VIV-03581,226.89,True,15,Casa,6,82,Eficiente
COM-03582,2948.83,False,71,Comercio,12,101,Ineficiente
VIV-03583,390.35,True,24,Casa,6,84,Ineficiente
VIV-03584,373.25,True,18,Casa,6,120,Ineficiente
VIV-03585,444.63,True,29,Casa,6,97,Ineficiente
VIV-03586,380.25,True,27,Casa,6,62,Ineficiente
VIV-03587,286.03,True,29,Casa,6,79,Moderado
VIV-03588,409.95,True,32,Casa,12,40,Ineficiente
VIV-03589,429.59,True,31,Casa,6,41,Ineficiente
COM-03590,927.4,False,38,Comercio,12,133,Eficiente
VIV-03591,340.65,True,13,Casa,6,91,Moderado
COM-03592,1743.98,False,56,Comercio,12,87,Moderado
VIV-03593,361.32,True,20,Casa,12,90,Moderado
VIV-03594,427.23,True,32,Casa,6,72,Ineficiente
VIV-03595,258.98,True,27,Casa,6,66,Eficiente
VIV-03596,374.85,True,19,Casa,6,81,Ineficiente
VIV-03597,339.56,True,13,Casa,6,59,Moderado
VIV-03598,284.9,True,23,Casa,6,121,Moderado
VIV-03599,432.36,True,26,Casa,6,98,Ineficiente
VIV-03600,427.72,True,30,Casa,12,112,Ineficiente
VIV-03601,221.35,True,12,Casa,6,104,Eficiente
VIV-03602,408.66,True,24,Casa,12,79,Ineficiente
COM-03603,1070.2,False,66,Comercio,12,45,Ineficiente
COM-03604,2589.7,True,39,Comercio,12,147,Moderado
VIV-03605,228.31,True,14,Casa,6,95,Eficiente
COM-03606,1672.18,False,55,Comercio,12,189,Eficiente
VIV-03607,272.21,True,31,Casa,6,88,Eficiente
VIV-03608,230.11,True,18,Casa,6,111,Eficiente
COM-03609,1732.9,True,69,Comercio,12,190,Eficiente
COM-03610,2101.46,True,36,Comercio,12,86,Ineficiente
VIV-03611,366.55,True,17,Casa,6,65,Moderado
VIV-03612,354.01,True,14,Casa,12,106,Moderado
VIV-03613,375.01,True,20,Casa,6,45,Ineficiente
VIV-03614,306.14,True,31,Casa,6,81,Moderado
VIV-03615,242.26,True,13,Casa,6,84,Eficiente
VIV-03616,261.76,True,28,Casa,6,104,Eficiente
VIV-03617,401.5,True,20,Casa,6,83,Ineficiente
VIV-03618,450.14,True,30,Casa,6,66,Ineficiente
VIV-03619,404.14,True,31,Casa,6,78,Ineficiente
COM-03620,1696.64,False,58,Comercio,12,171,Eficiente
VIV-03621,355.91,True,12,Casa,6,71,Moderado
VIV-03622,388.37,True,24,Casa,6,114,Ineficiente
VIV-03623,274.54,True,26,Casa,6,94,Eficiente
VIV-03624,277.83,True,32,Casa,6,64,Moderado
VIV-03625,369.99,True,20,Casa,6,67,Moderado
VIV-03626,425.48,True,32,Casa,6,79,Ineficiente
VIV-03627,435.04,True,27,Casa,6,81,Ineficiente
VIV-03628,365.83,True,18,Casa,12,96,Moderado
COM-03629,1629.23,False,50,Comercio,12,74,Moderado
VIV-03630,434.7,True,28,Casa,12,112,Ineficiente
VIV-03631,224.93,True,13,Casa,6,75,Eficiente
COM-03632,1306.36,False,70,Comercio,12,97,Moderado
COM-03633,2250.0,True,51,Comercio,12,35,Ineficiente
VIV-03634,261.36,True,18,Casa,6,40,Eficiente
VIV-03635,414.0,True,26,Casa,6,96,Ineficiente
VIV-03636,356.31,True,12,Casa,6,62,Moderado
VIV-03637,303.68,True,30,Casa,12,40,Moderado
VIV-03638,419.48,True,29,Casa,12,92,Ineficiente
VIV-03639,223.61,True,15,Casa,12,89,Eficiente
VIV-03640,463.0,True,32,Casa,12,134,Ineficiente
VIV-03641,385.95,True,20,Casa,6,40,Ineficiente
VIV-03642,419.78,True,30,Casa,6,104,Ineficiente
VIV-03643,347.13,True,15,Casa,6,89,Moderado
VIV-03644,353.79,True,14,Casa,6,105,Moderado
VIV-03645,376.34,True,17,Casa,6,103,Ineficiente
VIV-03646,383.6,True,20,Casa,12,57,Ineficiente
COM-03647,2073.78,False,65,Comercio,12,49,Ineficiente
VIV-03648,407.66,True,21,Casa,6,131,Ineficiente
VIV-03649,274.19,True,32,Casa,6,92,Eficiente
VIV-03650,221.08,True,14,Casa,6,77,Eficiente
COM-03651,1432.31,False,31,Comercio,12,31,Ineficiente
VIV-03652,374.29,True,27,Casa,6,152,Ineficiente
VIV-03653,373.8,True,20,Casa,6,105,Ineficiente
COM-03654,1172.85,False,55,Comercio,12,195,Eficiente
VIV-03655,393.48,True,20,Casa,12,108,Ineficiente
VIV-03656,293.89,True,24,Casa,6,119,Moderado
VIV-03657,395.84,True,30,Casa,12,50,Ineficiente
COM-03658,2136.17,False,58,Comercio,12,169,Eficiente
COM-03659,2795.62,False,48,Comercio,12,124,Moderado
VIV-03660,294.73,True,23,Casa,6,95,Moderado
COM-03661,2637.82,False,50,Comercio,12,59,Ineficiente
VIV-03662,267.41,True,18,Casa,6,97,Eficiente
VIV-03663,367.6,True,15,Casa,12,131,Moderado
VIV-03664,213.39,True,12,Casa,6,127,Eficiente
VIV-03665,285.55,True,25,Casa,6,95,Moderado
COM-03666,2898.14,True,72,Comercio,12,129,Moderado
VIV-03667,263.92,True,25,Casa,6,83,Eficiente
VIV-03668,366.1,True,14,Casa,6,51,Moderado
VIV-03669,262.37,True,17,Casa,12,107,Eficiente
VIV-03670,286.46,True,24,Casa,6,73,Moderado
VIV-03671,375.8,True,24,Casa,6,75,Ineficiente
COM-03672,1602.98,True,54,Comercio,12,33,Ineficiente
VIV-03673,261.36,True,22,Casa,12,71,Eficiente
COM-03674,790.15,True,34,Comercio,12,194,Eficiente
VIV-03675,224.09,True,13,Casa,6,122,Eficiente
VIV-03676,436.82,True,32,Casa,12,67,Ineficiente
VIV-03677,372.57,True,15,Casa,6,122,Ineficiente
VIV-03678,253.27,True,15,Casa,6,91,Eficiente
VIV-03679,224.02,True,15,Casa,6,115,Eficiente
COM-03680,2219.9,False,70,Comercio,12,45,Ineficiente
VIV-03681,393.71,True,24,Casa,12,85,Ineficiente
COM-03682,2762.68,False,57,Comercio,12,103,Ineficiente
VIV-03683,276.75,True,20,Casa,6,96,Moderado
VIV-03684,248.24,True,23,Casa,6,75,Eficiente
VIV-03685,388.62,True,32,Casa,6,46,Ineficiente
COM-03686,2339.04,False,72,Comercio,12,120,Moderado
VIV-03687,372.53,True,23,Casa,6,90,Ineficiente
VIV-03688,276.02,True,20,Casa,12,133,Eficiente
VIV-03689,375.23,True,26,Casa,6,103,Ineficiente
COM-03690,2242.08,True,33,Comercio,12,69,Ineficiente
VIV-03691,272.18,True,30,Casa,12,58,Eficiente
VIV-03692,291.6,True,26,Casa,6,70,Moderado
COM-03693,1965.74,True,55,Comercio,12,73,Ineficiente
VIV-03694,270.38,True,21,Casa,6,52,Eficiente
VIV-03695,371.04,True,24,Casa,6,124,Ineficiente
VIV-03696,362.68,True,13,Casa,12,87,Moderado
COM-03697,2258.14,False,35,Comercio,12,72,Ineficiente
VIV-03698,378.9,True,20,Casa,12,52,Ineficiente
VIV-03699,399.02,True,21,Casa,6,65,Ineficiente
VIV-03700,339.59,True,14,Casa,12,89,Moderado
VIV-03701,366.72,True,15,Casa,6,136,Moderado
VIV-03702,281.71,True,24,Casa,6,130,Moderado
VIV-03703,289.06,True,30,Casa,6,141,Moderado
VIV-03704,237.28,True,16,Casa,6,71,Eficiente
COM-03705,1674.16,True,63,Comercio,12,164,Eficiente
VIV-03706,298.26,True,30,Casa,12,57,Moderado
VIV-03707,232.69,True,12,Casa,6,65,Eficiente
VIV-03708,213.93,True,12,Casa,6,101,Eficiente
VIV-03709,232.56,True,13,Casa,6,109,Eficiente
VIV-03710,281.65,True,29,Casa,12,100,Moderado
VIV-03711,255.57,True,24,Casa,6,66,Eficiente
VIV-03712,376.2,True,26,Casa,6,84,Ineficiente
COM-03713,2220.3,False,42,Comercio,12,148,Moderado
VIV-03714,396.58,True,19,Casa,6,116,Ineficiente
VIV-03715,342.53,True,13,Casa,6,146,Moderado
COM-03716,1630.49,True,47,Comercio,12,65,Ineficiente
VIV-03717,374.44,True,20,Casa,6,112,Ineficiente
VIV-03718,411.75,True,22,Casa,12,64,Ineficiente
VIV-03719,366.51,True,19,Casa,6,86,Moderado
VIV-03720,273.29,True,21,Casa,6,74,Eficiente
VIV-03721,434.41,True,31,Casa,12,52,Ineficiente
VIV-03722,273.92,True,32,Casa,12,95,Eficiente
VIV-03723,371.48,True,17,Casa,12,78,Ineficiente
VIV-03724,276.46,True,24,Casa,6,68,Moderado
VIV-03725,302.17,True,30,Casa,6,84,Moderado
VIV-03726,218.69,True,13,Casa,12,89,Eficiente
VIV-03727,227.39,True,16,Casa,12,59,Eficiente
COM-03728,1970.28,False,46,Comercio,12,82,Ineficiente
VIV-03729,359.06,True,18,Casa,6,95,Moderado
VIV-03730,338.99,True,32,Casa,6,67,Moderado
VIV-03731,345.78,True,12,Casa,6,97,Moderado
VIV-03732,396.0,True,22,Casa,6,102,Ineficiente
VIV-03733,318.22,True,29,Casa,12,100,Moderado
VIV-03734,268.27,True,23,Casa,6,96,Eficiente
VIV-03735,241.66,True,19,Casa,6,63,Eficiente
VIV-03736,381.93,True,24,Casa,6,68,Ineficiente
VIV-03737,238.18,True,15,Casa,6,114,Eficiente
VIV-03738,258.24,True,21,Casa,6,73,Eficiente
COM-03739,2143.98,False,63,Comercio,12,63,Ineficiente
VIV-03740,427.77,True,32,Casa,12,51,Ineficiente
COM-03741,2229.52,True,40,Comercio,12,124,Moderado
VIV-03742,260.57,True,18,Casa,6,70,Eficiente
VIV-03743,332.37,True,32,Casa,12,104,Moderado
COM-03744,1512.13,True,53,Comercio,12,120,Eficiente
VIV-03745,351.41,True,14,Casa,12,103,Moderado
VIV-03746,399.96,True,32,Casa,6,74,Ineficiente
VIV-03747,258.77,True,26,Casa,12,121,Eficiente
VIV-03748,366.39,True,22,Casa,6,85,Moderado
VIV-03749,360.35,True,20,Casa,12,69,Moderado
VIV-03750,275.13,True,22,Casa,6,72,Eficiente
VIV-03751,378.36,True,22,Casa,6,111,Ineficiente
COM-03752,3065.33,True,55,Comercio,12,60,Ineficiente
COM-03753,1095.91,False,46,Comercio,12,193,Eficiente
COM-03754,3360.78,True,47,Comercio,12,77,Ineficiente
COM-03755,1451.34,True,32,Comercio,12,33,Ineficiente
COM-03756,1735.81,False,49,Comercio,12,52,Ineficiente
VIV-03757,412.55,True,29,Casa,6,73,Ineficiente
COM-03758,2562.49,False,49,Comercio,12,113,Moderado
VIV-03759,363.77,True,13,Casa,6,123,Moderado
VIV-03760,250.51,True,16,Casa,12,107,Eficiente
VIV-03761,425.75,True,32,Casa,6,63,Ineficiente
VIV-03762,411.98,True,32,Casa,6,114,Ineficiente
COM-03763,2216.38,False,40,Comercio,12,86,Ineficiente
VIV-03764,233.15,True,13,Casa,6,105,Eficiente
VIV-03765,275.0,True,32,Casa,6,103,Eficiente
VIV-03766,410.4,True,22,Casa,6,90,Ineficiente
VIV-03767,411.08,True,26,Casa,12,113,Ineficiente
VIV-03768,423.68,True,25,Casa,6,96,Ineficiente
VIV-03769,272.3,True,30,Casa,6,127,Eficiente
COM-03770,2812.12,False,63,Comercio,12,167,Moderado
COM-03771,1224.78,True,63,Comercio,12,130,Eficiente
VIV-03772,319.55,True,28,Casa,6,40,Moderado
VIV-03773,354.76,True,20,Casa,12,98,Moderado
VIV-03774,394.56,True,22,Casa,6,75,Ineficiente
VIV-03775,234.85,True,12,Casa,6,135,Eficiente
COM-03776,1088.93,False,59,Comercio,12,144,Eficiente
VIV-03777,227.41,True,17,Casa,6,100,Eficiente
VIV-03778,351.79,True,18,Casa,12,74,Moderado
VIV-03779,379.82,True,19,Casa,6,59,Ineficiente
VIV-03780,394.69,True,28,Casa,12,110,Ineficiente
COM-03781,1819.92,True,73,Comercio,12,101,Moderado
VIV-03782,246.67,True,14,Casa,6,45,Eficiente
VIV-03783,295.67,True,24,Casa,6,74,Moderado
VIV-03784,270.86,True,26,Casa,12,68,Eficiente
VIV-03785,270.25,True,31,Casa,12,40,Eficiente
VIV-03786,245.64,True,19,Casa,6,117,Eficiente
COM-03787,2150.32,False,34,Comercio,12,39,Ineficiente
COM-03788,2727.75,True,54,Comercio,12,192,Moderado
VIV-03789,337.43,True,13,Casa,12,77,Moderado
VIV-03790,365.16,True,23,Casa,6,93,Moderado
VIV-03791,262.33,True,29,Casa,6,73,Eficiente
COM-03792,2245.8,True,62,Comercio,12,119,Moderado
COM-03793,3165.07,True,39,Comercio,12,43,Ineficiente
COM-03794,1532.11,False,34,Comercio,12,80,Moderado
VIV-03795,397.27,True,19,Casa,12,91,Ineficiente
COM-03796,1434.6,True,27,Comercio,12,180,Eficiente
COM-03797,2271.26,False,67,Comercio,12,124,Moderado
VIV-03798,405.98,True,23,Casa,12,73,Ineficiente
VIV-03799,227.02,True,14,Casa,6,89,Eficiente
VIV-03800,396.83,True,26,Casa,6,93,Ineficiente
VIV-03801,216.32,True,13,Casa,6,59,Eficiente
VIV-03802,311.85,True,32,Casa,6,104,Moderado
VIV-03803,448.97,True,32,Casa,6,105,Ineficiente
VIV-03804,377.75,True,17,Casa,6,65,Ineficiente
VIV-03805,312.3,True,28,Casa,6,106,Moderado
VIV-03806,366.72,True,15,Casa,6,75,Moderado
VIV-03807,296.35,True,29,Casa,6,96,Moderado
VIV-03808,257.92,True,17,Casa,12,83,Eficiente
VIV-03809,380.21,True,19,Casa,6,107,Ineficiente
VIV-03810,387.93,True,23,Casa,6,104,Ineficiente
VIV-03811,261.76,True,17,Casa,12,99,Eficiente
VIV-03812,255.89,True,18,Casa,6,68,Eficiente
COM-03813,3480.8,False,69,Comercio,12,54,Ineficiente
VIV-03814,282.82,True,32,Casa,6,45,Moderado
VIV-03815,446.24,True,30,Casa,12,104,Ineficiente
VIV-03816,282.74,True,29,Casa,6,137,Moderado
VIV-03817,421.13,True,26,Casa,12,73,Ineficiente
VIV-03818,401.49,True,22,Casa,12,44,Ineficiente
VIV-03819,416.54,True,31,Casa,12,104,Ineficiente
VIV-03820,353.52,True,17,Casa,6,85,Moderado
VIV-03821,420.88,True,32,Casa,6,48,Ineficiente
VIV-03822,411.71,True,31,Casa,6,111,Ineficiente
VIV-03823,437.86,True,28,Casa,6,128,Ineficiente
VIV-03824,255.17,True,18,Casa,6,121,Eficiente
COM-03825,2062.73,True,55,Comercio,12,67,Ineficiente
VIV-03826,393.21,True,21,Casa,6,87,Ineficiente
VIV-03827,218.52,True,12,Casa,6,100,Eficiente
COM-03828,1648.21,True,41,Comercio,12,134,Eficiente
VIV-03829,280.8,True,32,Casa,12,96,Moderado
VIV-03830,393.14,True,19,Casa,6,137,Ineficiente
VIV-03831,231.17,True,14,Casa,6,127,Eficiente
VIV-03832,273.44,True,25,Casa,12,84,Eficiente
VIV-03833,357.1,True,19,Casa,6,93,Moderado
VIV-03834,290.62,True,25,Casa,6,106,Moderado
VIV-03835,425.8,True,29,Casa,12,99,Ineficiente
VIV-03836,382.68,True,26,Casa,6,100,Ineficiente
COM-03837,911.21,True,28,Comercio,12,92,Eficiente
VIV-03838,373.46,True,21,Casa,6,101,Ineficiente
VIV-03839,343.71,True,12,Casa,12,83,Moderado
VIV-03840,294.53,True,31,Casa,12,82,Moderado
VIV-03841,256.86,True,24,Casa,12,124,Eficiente
VIV-03842,227.34,True,17,Casa,12,65,Eficiente
VIV-03843,390.58,True,23,Casa,6,76,Ineficiente
COM-03844,2001.34,False,29,Comercio,12,142,Moderado
VIV-03845,263.38,True,20,Casa,12,107,Eficiente
VIV-03846,270.52,True,24,Casa,6,79,Eficiente
VIV-03847,274.32,True,20,Casa,12,75,Eficiente
VIV-03848,253.15,True,23,Casa,6,114,Eficiente
VIV-03849,253.42,True,20,Casa,6,149,Eficiente
VIV-03850,260.39,True,29,Casa,6,53,Eficiente
VIV-03851,355.61,True,15,Casa,6,114,Moderado
VIV-03852,369.13,True,14,Casa,6,100,Moderado
VIV-03853,381.05,True,19,Casa,6,65,Ineficiente
COM-03854,2114.11,True,33,Comercio,12,31,Ineficiente
VIV-03855,306.31,True,29,Casa,12,85,Moderado
COM-03856,1451.86,True,62,Comercio,12,39,Ineficiente
VIV-03857,240.93,True,16,Casa,12,137,Eficiente
VIV-03858,326.36,True,30,Casa,6,93,Moderado
VIV-03859,274.22,True,23,Casa,6,135,Eficiente
VIV-03860,268.89,True,29,Casa,6,67,Eficiente
VIV-03861,405.26,True,29,Casa,6,67,Ineficiente
VIV-03862,288.45,True,27,Casa,6,94,Moderado
VIV-03863,281.16,True,29,Casa,12,40,Moderado
VIV-03864,414.9,True,27,Casa,12,83,Ineficiente
COM-03865,1089.43,True,57,Comercio,12,41,Ineficiente
VIV-03866,457.77,True,31,Casa,6,69,Ineficiente
COM-03867,1024.47,False,38,Comercio,12,99,Eficiente
VIV-03868,326.24,True,31,Casa,6,70,Moderado
VIV-03869,384.8,True,19,Casa,6,54,Ineficiente
VIV-03870,349.09,True,16,Casa,6,117,Moderado
COM-03871,2682.65,True,51,Comercio,12,128,Moderado
VIV-03872,454.9,True,31,Casa,6,87,Ineficiente
VIV-03873,231.77,True,14,Casa,6,63,Eficiente
VIV-03874,229.03,True,18,Casa,6,133,Eficiente
VIV-03875,325.27,True,29,Casa,6,90,Moderado
COM-03876,2760.88,True,43,Comercio,12,49,Ineficiente
COM-03877,2031.05,False,42,Comercio,12,102,Moderado
VIV-03878,226.01,True,15,Casa,6,41,Eficiente
VIV-03879,396.45,True,22,Casa,12,59,Ineficiente
VIV-03880,398.18,True,20,Casa,6,49,Ineficiente
VIV-03881,300.12,True,29,Casa,6,94,Moderado
VIV-03882,277.48,True,25,Casa,6,160,Moderado
COM-03883,2195.31,False,37,Comercio,12,156,Moderado
VIV-03884,380.83,True,25,Casa,6,40,Ineficiente
VIV-03885,293.68,True,29,Casa,12,55,Moderado
COM-03886,1183.91,True,69,Comercio,12,62,Moderado
COM-03887,1971.07,True,48,Comercio,12,127,Moderado
VIV-03888,348.76,True,15,Casa,6,120,Moderado
VIV-03889,364.23,True,22,Casa,6,89,Moderado
VIV-03890,322.25,True,28,Casa,6,124,Moderado
VIV-03891,410.76,True,32,Casa,6,118,Ineficiente
COM-03892,1799.1,False,72,Comercio,12,172,Eficiente
COM-03893,2749.74,False,41,Comercio,12,109,Ineficiente
VIV-03894,255.15,True,17,Casa,12,95,Eficiente
COM-03895,2457.72,False,26,Comercio,12,138,Moderado
VIV-03896,264.17,True,26,Casa,12,153,Eficiente
COM-03897,2372.98,True,70,Comercio,12,51,Ineficiente
VIV-03898,379.06,True,20,Casa,12,52,Ineficiente
VIV-03899,273.49,True,19,Casa,12,101,Eficiente
VIV-03900,235.37,True,18,Casa,12,102,Eficiente
VIV-03901,267.13,True,25,Casa,12,163,Eficiente
VIV-03902,352.12,True,14,Casa,6,99,Moderado
VIV-03903,239.8,True,16,Casa,6,72,Eficiente
COM-03904,2247.49,True,65,Comercio,12,175,Eficiente
VIV-03905,401.01,True,20,Casa,12,123,Ineficiente
VIV-03906,390.97,True,25,Casa,12,88,Ineficiente
VIV-03907,246.54,True,16,Casa,6,80,Eficiente
VIV-03908,301.83,True,31,Casa,12,102,Moderado
VIV-03909,386.92,True,20,Casa,6,113,Ineficiente
COM-03910,1078.83,False,66,Comercio,12,122,Eficiente
COM-03911,2133.14,True,54,Comercio,12,137,Moderado
VIV-03912,266.34,True,31,Casa,6,99,Eficiente
VIV-03913,374.65,True,17,Casa,6,61,Ineficiente
COM-03914,900.95,False,60,Comercio,12,166,Eficiente
VIV-03915,412.99,True,27,Casa,12,78,Ineficiente
VIV-03916,251.66,True,21,Casa,6,93,Eficiente
COM-03917,3331.5,False,65,Comercio,12,146,Ineficiente
VIV-03918,381.42,True,22,Casa,6,101,Ineficiente
COM-03919,1386.7,True,34,Comercio,12,78,Moderado
VIV-03920,239.44,True,13,Casa,12,119,Eficiente
COM-03921,2167.58,False,65,Comercio,12,193,Eficiente
VIV-03922,365.29,True,19,Casa,12,85,Moderado
VIV-03923,402.41,True,28,Casa,6,127,Ineficiente
VIV-03924,423.31,True,32,Casa,6,112,Ineficiente
VIV-03925,282.85,True,26,Casa,6,103,Moderado
COM-03926,1093.11,False,51,Comercio,12,100,Eficiente
VIV-03927,257.88,True,20,Casa,6,134,Eficiente
VIV-03928,331.52,True,30,Casa,6,74,Moderado
VIV-03929,233.86,True,12,Casa,12,90,Eficiente
VIV-03930,223.29,True,12,Casa,6,134,Eficiente
VIV-03931,235.28,True,20,Casa,12,96,Eficiente
VIV-03932,265.73,True,29,Casa,6,111,Eficiente
VIV-03933,387.49,True,20,Casa,12,53,Ineficiente
VIV-03934,398.74,True,25,Casa,6,63,Ineficiente
COM-03935,1032.38,True,56,Comercio,12,95,Eficiente
VIV-03936,365.5,True,24,Casa,6,46,Moderado
VIV-03937,431.15,True,32,Casa,6,91,Ineficiente
VIV-03938,380.06,True,28,Casa,12,65,Ineficiente
VIV-03939,293.63,True,32,Casa,6,117,Moderado
VIV-03940,397.73,True,30,Casa,6,139,Ineficiente
VIV-03941,249.94,True,23,Casa,12,96,Eficiente
VIV-03942,440.43,True,28,Casa,6,61,Ineficiente
VIV-03943,359.6,True,17,Casa,12,84,Moderado
VIV-03944,261.41,True,28,Casa,6,46,Eficiente
VIV-03945,258.54,True,24,Casa,6,71,Eficiente
VIV-03946,338.37,True,13,Casa,6,81,Moderado
VIV-03947,235.54,True,19,Casa,6,92,Eficiente
COM-03948,2511.67,False,52,Comercio,12,101,Ineficiente
COM-03949,1942.22,True,42,Comercio,12,54,Ineficiente
VIV-03950,374.99,True,23,Casa,6,117,Ineficiente
VIV-03951,252.96,True,16,Casa,12,146,Eficiente
COM-03952,2818.3,False,39,Comercio,12,94,Ineficiente
VIV-03953,279.23,True,25,Casa,6,111,Moderado
COM-03954,2218.59,False,42,Comercio,12,124,Moderado
COM-03955,3372.21,True,46,Comercio,12,39,Ineficiente
VIV-03956,370.21,True,14,Casa,12,69,Moderado
VIV-03957,228.82,True,18,Casa,12,121,Eficiente
VIV-03958,292.94,True,23,Casa,6,119,Moderado
VIV-03959,289.13,True,27,Casa,6,88,Moderado
VIV-03960,359.71,True,13,Casa,6,46,Moderado
VIV-03961,354.13,True,16,Casa,12,56,Moderado
VIV-03962,269.62,True,29,Casa,12,87,Eficiente
VIV-03963,242.91,True,22,Casa,12,108,Eficiente
COM-03964,2236.05,False,35,Comercio,12,40,Ineficiente
COM-03965,1055.62,False,35,Comercio,12,69,Moderado
VIV-03966,228.04,True,14,Casa,12,107,Eficiente
VIV-03967,380.84,True,29,Casa,12,95,Ineficiente
COM-03968,2801.59,False,66,Comercio,12,63,Ineficiente
VIV-03969,219.14,True,13,Casa,6,44,Eficiente
VIV-03970,306.34,True,27,Casa,6,91,Moderado
VIV-03971,436.13,True,29,Casa,12,93,Ineficiente
COM-03972,2244.02,True,63,Comercio,12,78,Ineficiente
VIV-03973,292.9,True,24,Casa,6,126,Moderado
VIV-03974,369.3,True,15,Casa,6,120,Moderado
COM-03975,2051.28,True,45,Comercio,12,68,Ineficiente
COM-03976,1619.24,False,61,Comercio,12,182,Eficiente
COM-03977,1698.92,True,57,Comercio,12,199,Eficiente
VIV-03978,269.53,True,30,Casa,6,102,Eficiente
COM-03979,1674.54,False,53,Comercio,12,123,Moderado
VIV-03980,312.92,True,31,Casa,6,106,Moderado
VIV-03981,415.59,True,29,Casa,6,84,Ineficiente
VIV-03982,378.86,True,23,Casa,12,53,Ineficiente
COM-03983,2755.14,True,51,Comercio,12,176,Moderado
VIV-03984,388.02,True,28,Casa,12,87,Ineficiente
VIV-03985,404.28,True,23,Casa,6,78,Ineficiente
COM-03986,1637.99,False,45,Comercio,12,158,Eficiente
VIV-03987,431.51,True,29,Casa,6,62,Ineficiente
VIV-03988,307.58,True,31,Casa,6,104,Moderado
COM-03989,2338.97,False,58,Comercio,12,39,Ineficiente
COM-03990,2183.65,False,52,Comercio,12,192,Eficiente
COM-03991,2260.03,False,35,Comercio,12,118,Moderado
COM-03992,2769.61,False,59,Comercio,12,149,Moderado
VIV-03993,409.73,True,27,Casa,6,108,Ineficiente
COM-03994,1911.8,False,51,Comercio,12,173,Eficiente
VIV-03995,256.96,True,19,Casa,6,96,Eficiente
COM-03996,2222.78,False,63,Comercio,12,103,Moderado
VIV-03997,339.42,True,31,Casa,6,75,Moderado
VIV-03998,413.29,True,29,Casa,6,79,Ineficiente
COM-03999,1965.05,False,34,Comercio,12,62,Ineficiente
VIV-04000,376.88,True,23,Casa,6,89,Ineficiente
VIV-04001,393.98,True,21,Casa,6,49,Ineficiente
VIV-04002,422.64,True,32,Casa,6,56,Ineficiente
VIV-04003,275.22,True,22,Casa,12,81,Eficiente
VIV-04004,242.8,True,15,Casa,6,93,Eficiente
VIV-04005,257.9,True,26,Casa,6,96,Eficiente
COM-04006,3239.16,True,66,Comercio,12,74,Ineficiente
VIV-04007,437.62,True,27,Casa,6,75,Ineficiente
VIV-04008,385.06,True,20,Casa,6,145,Ineficiente
VIV-04009,373.78,True,19,Casa,6,96,Ineficiente
VIV-04010,400.81,True,25,Casa,12,40,Ineficiente
VIV-04011,358.11,True,12,Casa,6,102,Moderado
COM-04012,2046.63,False,33,Comercio,12,71,Ineficiente
VIV-04013,265.57,True,25,Casa,6,83,Eficiente
VIV-04014,356.72,True,12,Casa,12,78,Moderado
COM-04015,2360.46,True,71,Comercio,12,171,Moderado
VIV-04016,273.51,True,20,Casa,6,153,Eficiente
VIV-04017,277.22,True,30,Casa,6,114,Moderado
VIV-04018,257.47,True,21,Casa,6,128,Eficiente
VIV-04019,264.06,True,26,Casa,12,87,Eficiente
VIV-04020,259.47,True,17,Casa,6,97,Eficiente
VIV-04021,212.85,True,12,Casa,6,64,Eficiente
VIV-04022,266.22,True,29,Casa,6,115,Eficiente
VIV-04023,263.39,True,19,Casa,12,86,Eficiente
VIV-04024,240.41,True,18,Casa,12,99,Eficiente
VIV-04025,276.97,True,21,Casa,6,80,Moderado
COM-04026,1056.4,True,61,Comercio,12,172,Eficiente
VIV-04027,347.77,True,16,Casa,6,64,Moderado
COM-04028,1245.02,False,65,Comercio,12,175,Eficiente
COM-04029,1066.54,False,53,Comercio,12,92,Eficiente
VIV-04030,325.6,True,30,Casa,12,94,Moderado
VIV-04031,390.23,True,19,Casa,12,67,Ineficiente
VIV-04032,412.35,True,28,Casa,6,80,Ineficiente
VIV-04033,361.44,True,16,Casa,12,98,Moderado
VIV-04034,243.63,True,22,Casa,6,117,Eficiente
VIV-04035,251.28,True,22,Casa,6,84,Eficiente
VIV-04036,373.14,True,22,Casa,12,70,Ineficiente
VIV-04037,378.52,True,19,Casa,6,139,Ineficiente
VIV-04038,341.75,True,15,Casa,12,116,Moderado
VIV-04039,236.03,True,14,Casa,6,65,Eficiente
VIV-04040,344.56,True,14,Casa,6,87,Moderado
COM-04041,2861.39,True,69,Comercio,12,40,Ineficiente
VIV-04042,368.42,True,19,Casa,12,123,Moderado
VIV-04043,289.53,True,22,Casa,6,82,Moderado
COM-04044,2047.66,False,61,Comercio,12,162,Eficiente
VIV-04045,232.63,True,18,Casa,6,73,Eficiente
VIV-04046,379.7,True,21,Casa,6,102,Ineficiente
VIV-04047,411.73,True,24,Casa,6,76,Ineficiente
COM-04048,2334.86,False,65,Comercio,12,59,Ineficiente
VIV-04049,257.81,True,19,Casa,12,88,Eficiente
VIV-04050,224.23,True,12,Casa,6,66,Eficiente
VIV-04051,323.32,True,29,Casa,6,115,Moderado
VIV-04052,244.19,True,14,Casa,12,99,Eficiente
VIV-04053,265.37,True,24,Casa,6,111,Eficiente
COM-04054,1501.49,False,41,Comercio,12,130,Eficiente
COM-04055,2826.43,True,47,Comercio,12,169,Moderado
COM-04056,1046.11,False,45,Comercio,12,190,Eficiente
VIV-04057,394.22,True,31,Casa,6,70,Ineficiente
COM-04058,1625.58,False,60,Comercio,12,100,Moderado
VIV-04059,299.73,True,24,Casa,12,117,Moderado
VIV-04060,290.83,True,25,Casa,12,93,Moderado
VIV-04061,403.12,True,24,Casa,6,107,Ineficiente
VIV-04062,435.49,True,26,Casa,6,75,Ineficiente
COM-04063,2863.53,False,43,Comercio,12,142,Moderado
VIV-04064,380.97,True,16,Casa,12,119,Ineficiente
VIV-04065,245.61,True,15,Casa,6,105,Eficiente
VIV-04066,411.3,True,28,Casa,12,78,Ineficiente
COM-04067,2205.64,False,48,Comercio,12,157,Moderado
VIV-04068,376.92,True,22,Casa,6,90,Ineficiente
VIV-04069,271.93,True,29,Casa,12,86,Eficiente
VIV-04070,299.38,True,26,Casa,12,131,Moderado
VIV-04071,280.3,True,31,Casa,6,126,Moderado
VIV-04072,365.5,True,24,Casa,6,70,Moderado
COM-04073,2101.11,True,60,Comercio,12,65,Ineficiente
VIV-04074,431.28,True,31,Casa,12,59,Ineficiente
VIV-04075,292.97,True,30,Casa,12,96,Moderado
COM-04076,2170.89,False,46,Comercio,12,147,Moderado
VIV-04077,336.84,True,13,Casa,6,124,Moderado
VIV-04078,232.24,True,16,Casa,6,135,Eficiente
VIV-04079,257.39,True,21,Casa,6,84,Eficiente
VIV-04080,377.82,True,22,Casa,6,93,Ineficiente
VIV-04081,286.85,True,26,Casa,12,104,Moderado
VIV-04082,334.17,True,12,Casa,6,49,Moderado
VIV-04083,369.41,True,23,Casa,12,55,Moderado
VIV-04084,395.62,True,28,Casa,12,70,Ineficiente
VIV-04085,264.78,True,24,Casa,6,92,Eficiente
VIV-04086,345.65,True,13,Casa,6,93,Moderado
VIV-04087,406.04,True,30,Casa,6,81,Ineficiente
VIV-04088,286.75,True,29,Casa,6,76,Moderado
COM-04089,1477.12,False,57,Comercio,12,35,Ineficiente
VIV-04090,380.72,True,17,Casa,6,88,Ineficiente
VIV-04091,338.56,True,14,Casa,12,91,Moderado
VIV-04092,365.63,True,23,Casa,12,91,Moderado
COM-04093,1182.5,True,61,Comercio,12,133,Eficiente
VIV-04094,221.51,True,15,Casa,6,58,Eficiente
VIV-04095,283.64,True,30,Casa,12,90,Moderado
VIV-04096,243.13,True,20,Casa,6,71,Eficiente
VIV-04097,261.36,True,29,Casa,12,60,Eficiente
VIV-04098,417.19,True,31,Casa,6,96,Ineficiente
VIV-04099,257.78,True,23,Casa,6,149,Eficiente
COM-04100,2264.62,False,62,Comercio,12,45,Ineficiente
COM-04101,2813.83,False,49,Comercio,12,88,Ineficiente
COM-04102,1935.54,True,29,Comercio,12,83,Ineficiente
VIV-04103,395.37,True,22,Casa,12,71,Ineficiente
COM-04104,2002.82,True,61,Comercio,12,118,Moderado
VIV-04105,431.31,True,28,Casa,12,128,Ineficiente
VIV-04106,239.11,True,18,Casa,12,106,Eficiente
VIV-04107,342.23,True,12,Casa,6,73,Moderado
VIV-04108,402.64,True,27,Casa,6,93,Ineficiente
COM-04109,1953.68,True,29,Comercio,12,143,Moderado
VIV-04110,234.63,True,16,Casa,12,98,Eficiente
VIV-04111,369.82,True,15,Casa,6,88,Moderado
VIV-04112,383.11,True,25,Casa,12,70,Ineficiente
VIV-04113,433.01,True,27,Casa,12,53,Ineficiente
VIV-04114,430.61,True,32,Casa,12,101,Ineficiente
VIV-04115,235.78,True,15,Casa,6,40,Eficiente
COM-04116,2096.12,True,53,Comercio,12,117,Moderado
VIV-04117,359.6,True,12,Casa,6,120,Moderado
VIV-04118,299.25,True,27,Casa,6,82,Moderado
VIV-04119,412.03,True,23,Casa,6,40,Ineficiente
VIV-04120,347.18,True,17,Casa,6,121,Moderado
VIV-04121,346.32,True,12,Casa,6,99,Moderado
VIV-04122,416.7,True,27,Casa,6,103,Ineficiente
VIV-04123,283.17,True,31,Casa,12,92,Moderado
VIV-04124,239.48,True,13,Casa,12,84,Eficiente
VIV-04125,408.05,True,31,Casa,12,73,Ineficiente
VIV-04126,369.46,True,24,Casa,6,102,Moderado
COM-04127,2694.91,False,40,Comercio,12,79,Ineficiente
COM-04128,2871.59,False,57,Comercio,12,33,Ineficiente
COM-04129,1981.76,True,33,Comercio,12,35,Ineficiente
VIV-04130,250.38,True,22,Casa,6,66,Eficiente
VIV-04131,388.46,True,20,Casa,12,106,Ineficiente
VIV-04132,341.44,True,13,Casa,6,90,Moderado
VIV-04133,459.86,True,31,Casa,6,123,Ineficiente
COM-04134,2186.1,True,36,Comercio,12,152,Moderado
VIV-04135,370.37,True,18,Casa,6,112,Moderado
VIV-04136,244.85,True,15,Casa,6,76,Eficiente
COM-04137,1477.53,False,41,Comercio,12,188,Eficiente
VIV-04138,361.96,True,17,Casa,12,87,Moderado
COM-04139,1946.39,True,37,Comercio,12,182,Eficiente
VIV-04140,385.43,True,27,Casa,12,127,Ineficiente
COM-04141,829.13,True,32,Comercio,12,114,Eficiente
VIV-04142,463.0,True,32,Casa,6,81,Ineficiente
COM-04143,2734.31,True,49,Comercio,12,119,Ineficiente
COM-04144,1488.31,False,52,Comercio,12,116,Eficiente
COM-04145,924.75,True,48,Comercio,12,80,Eficiente
VIV-04146,430.05,True,29,Casa,12,87,Ineficiente
VIV-04147,255.53,True,20,Casa,6,116,Eficiente
VIV-04148,270.09,True,22,Casa,6,133,Eficiente
COM-04149,1761.38,True,60,Comercio,12,156,Eficiente
VIV-04150,257.22,True,22,Casa,6,73,Eficiente
COM-04151,1702.71,True,34,Comercio,12,50,Ineficiente
VIV-04152,278.16,True,21,Casa,6,64,Moderado
VIV-04153,245.59,True,18,Casa,6,90,Eficiente
COM-04154,2802.6,False,40,Comercio,12,190,Moderado
VIV-04155,374.21,True,24,Casa,6,111,Ineficiente
VIV-04156,320.37,True,28,Casa,6,108,Moderado
VIV-04157,266.26,True,30,Casa,6,153,Eficiente
VIV-04158,284.58,True,26,Casa,12,90,Moderado
COM-04159,2115.68,True,58,Comercio,12,33,Ineficiente
VIV-04160,280.68,True,25,Casa,6,86,Moderado
VIV-04161,266.09,True,32,Casa,12,61,Eficiente
VIV-04162,258.07,True,16,Casa,12,56,Eficiente
VIV-04163,233.28,True,14,Casa,6,114,Eficiente
VIV-04164,379.14,True,20,Casa,6,96,Ineficiente
VIV-04165,424.58,True,29,Casa,6,43,Ineficiente
VIV-04166,375.2,True,15,Casa,6,146,Ineficiente
VIV-04167,363.96,True,18,Casa,6,117,Moderado
VIV-04168,271.0,True,28,Casa,6,59,Eficiente
COM-04169,1714.88,True,48,Comercio,12,74,Ineficiente
VIV-04170,224.93,True,13,Casa,12,59,Eficiente
VIV-04171,460.17,True,32,Casa,6,112,Ineficiente
COM-04172,1679.5,False,55,Comercio,12,73,Ineficiente
VIV-04173,379.37,True,18,Casa,6,55,Ineficiente
VIV-04174,259.07,True,16,Casa,12,72,Eficiente
VIV-04175,358.07,True,13,Casa,12,63,Moderado
VIV-04176,242.41,True,20,Casa,6,112,Eficiente
VIV-04177,261.63,True,17,Casa,12,74,Eficiente
VIV-04178,250.29,True,22,Casa,12,59,Eficiente
VIV-04179,281.12,True,30,Casa,6,105,Moderado
COM-04180,2296.03,False,58,Comercio,12,85,Ineficiente
COM-04181,2133.39,False,48,Comercio,12,60,Ineficiente
COM-04182,3245.45,False,43,Comercio,12,43,Ineficiente
VIV-04183,227.3,True,15,Casa,12,52,Eficiente
COM-04184,2753.21,True,57,Comercio,12,77,Ineficiente
VIV-04185,397.61,True,29,Casa,12,56,Ineficiente
VIV-04186,444.53,True,28,Casa,6,119,Ineficiente
VIV-04187,323.69,True,29,Casa,6,128,Moderado
VIV-04188,351.86,True,12,Casa,6,102,Moderado
VIV-04189,284.78,True,24,Casa,6,108,Moderado
VIV-04190,404.78,True,30,Casa,6,100,Ineficiente
VIV-04191,350.6,True,13,Casa,6,58,Moderado
VIV-04192,260.5,True,18,Casa,6,52,Eficiente
COM-04193,1767.63,True,67,Comercio,12,109,Moderado
COM-04194,1290.15,True,70,Comercio,12,189,Eficiente
VIV-04195,233.71,True,19,Casa,6,47,Eficiente
VIV-04196,246.24,True,18,Casa,12,101,Eficiente
VIV-04197,371.99,True,26,Casa,6,40,Ineficiente
COM-04198,2279.57,True,70,Comercio,12,188,Eficiente
VIV-04199,370.15,True,20,Casa,6,101,Moderado
COM-04200,2168.03,True,39,Comercio,12,158,Moderado
VIV-04201,277.48,True,25,Casa,6,56,Moderado
VIV-04202,221.47,True,13,Casa,6,80,Eficiente
VIV-04203,232.6,True,17,Casa,12,48,Eficiente
VIV-04204,377.06,True,26,Casa,12,84,Ineficiente
VIV-04205,409.16,True,29,Casa,12,131,Ineficiente
VIV-04206,290.2,True,23,Casa,6,129,Moderado
COM-04207,1149.23,True,47,Comercio,12,95,Eficiente
VIV-04208,266.76,True,22,Casa,6,94,Eficiente
VIV-04209,274.45,True,30,Casa,6,96,Eficiente
VIV-04210,277.67,True,26,Casa,12,89,Moderado
VIV-04211,379.46,True,16,Casa,12,127,Ineficiente
COM-04212,2383.12,False,74,Comercio,12,164,Moderado
VIV-04213,234.7,True,19,Casa,12,76,Eficiente
VIV-04214,381.74,True,20,Casa,6,81,Ineficiente
COM-04215,1725.83,True,57,Comercio,12,87,Moderado
VIV-04216,253.22,True,19,Casa,6,126,Eficiente
VIV-04217,265.33,True,20,Casa,6,75,Eficiente
VIV-04218,284.57,True,29,Casa,12,149,Moderado
VIV-04219,364.19,True,17,Casa,12,83,Moderado
VIV-04220,392.18,True,23,Casa,12,53,Ineficiente
COM-04221,2239.63,True,44,Comercio,12,110,Moderado
COM-04222,1933.18,False,34,Comercio,12,137,Moderado
VIV-04223,276.17,True,24,Casa,6,56,Eficiente
VIV-04224,242.58,True,19,Casa,6,88,Eficiente
VIV-04225,294.84,True,32,Casa,12,70,Moderado
VIV-04226,305.98,True,28,Casa,6,154,Moderado
VIV-04227,266.98,True,26,Casa,6,113,Eficiente
VIV-04228,238.0,True,15,Casa,6,73,Eficiente
VIV-04229,289.71,True,22,Casa,6,90,Moderado
COM-04230,2067.86,False,34,Comercio,12,55,Ineficiente
VIV-04231,320.5,True,31,Casa,6,111,Moderado
COM-04232,1184.96,True,63,Comercio,12,49,Ineficiente
VIV-04233,431.63,True,29,Casa,6,120,Ineficiente
VIV-04234,294.92,True,31,Casa,12,43,Moderado
COM-04235,2451.85,False,32,Comercio,12,103,Ineficiente
VIV-04236,242.06,True,17,Casa,12,93,Eficiente
COM-04237,1029.94,False,46,Comercio,12,62,Moderado
VIV-04238,246.32,True,25,Casa,6,96,Eficiente
VIV-04239,399.77,True,25,Casa,6,65,Ineficiente
VIV-04240,222.41,True,13,Casa,12,107,Eficiente
COM-04241,2100.93,True,54,Comercio,12,196,Eficiente
COM-04242,3378.6,False,62,Comercio,12,130,Ineficiente
VIV-04243,381.53,True,18,Casa,6,100,Ineficiente
COM-04244,1536.4,False,49,Comercio,12,45,Ineficiente
VIV-04245,268.51,True,32,Casa,6,82,Eficiente
VIV-04246,366.02,True,15,Casa,6,133,Moderado
VIV-04247,259.35,True,21,Casa,6,135,Eficiente
VIV-04248,340.78,True,14,Casa,12,101,Moderado
COM-04249,3421.33,True,64,Comercio,12,30,Ineficiente
VIV-04250,285.77,True,24,Casa,6,79,Moderado
COM-04251,1452.45,True,35,Comercio,12,38,Ineficiente
VIV-04252,335.75,True,12,Casa,6,84,Moderado
VIV-04253,347.09,True,12,Casa,6,40,Moderado
COM-04254,1717.0,False,64,Comercio,12,74,Ineficiente
VIV-04255,245.89,True,20,Casa,6,62,Eficiente
COM-04256,1647.67,True,45,Comercio,12,60,Ineficiente
COM-04257,1999.27,False,47,Comercio,12,125,Moderado
VIV-04258,423.47,True,25,Casa,6,83,Ineficiente
VIV-04259,374.51,True,27,Casa,12,82,Ineficiente
COM-04260,1357.78,False,32,Comercio,12,109,Eficiente
VIV-04261,346.82,True,16,Casa,6,67,Moderado
VIV-04262,312.07,True,27,Casa,6,82,Moderado
COM-04263,1487.26,True,53,Comercio,12,45,Ineficiente
COM-04264,2085.15,False,32,Comercio,12,169,Eficiente
VIV-04265,383.78,True,23,Casa,6,40,Ineficiente
COM-04266,2434.32,True,69,Comercio,12,67,Ineficiente
VIV-04267,402.99,True,28,Casa,6,74,Ineficiente
COM-04268,2263.18,False,67,Comercio,12,127,Moderado
VIV-04269,367.43,True,17,Casa,12,147,Moderado
VIV-04270,260.21,True,17,Casa,6,42,Eficiente
VIV-04271,235.84,True,12,Casa,6,71,Eficiente
COM-04272,1497.8,True,50,Comercio,12,116,Moderado
VIV-04273,330.48,True,32,Casa,12,73,Moderado
COM-04274,2548.26,False,43,Comercio,12,57,Ineficiente
VIV-04275,249.62,True,16,Casa,12,78,Eficiente
VIV-04276,228.77,True,16,Casa,6,79,Eficiente
VIV-04277,307.04,True,28,Casa,6,66,Moderado
VIV-04278,296.51,True,28,Casa,6,116,Moderado
COM-04279,1112.54,True,59,Comercio,12,153,Eficiente
VIV-04280,377.22,True,19,Casa,6,54,Ineficiente
COM-04281,2370.78,False,71,Comercio,12,65,Ineficiente
VIV-04282,381.14,True,24,Casa,12,88,Ineficiente
COM-04283,2257.1,False,60,Comercio,12,189,Eficiente
COM-04284,2877.02,False,63,Comercio,12,68,Ineficiente
VIV-04285,433.13,True,27,Casa,6,93,Ineficiente
VIV-04286,399.15,True,25,Casa,6,115,Ineficiente
COM-04287,1096.02,False,56,Comercio,12,159,Eficiente
VIV-04288,273.41,True,19,Casa,6,49,Eficiente
VIV-04289,354.35,True,19,Casa,6,114,Moderado
VIV-04290,379.64,True,17,Casa,6,108,Ineficiente
COM-04291,1094.81,True,48,Comercio,12,103,Eficiente
VIV-04292,367.78,True,15,Casa,6,86,Moderado
VIV-04293,404.66,True,30,Casa,12,114,Ineficiente
VIV-04294,226.58,True,12,Casa,6,102,Eficiente
VIV-04295,256.18,True,18,Casa,6,96,Eficiente
COM-04296,2878.52,False,52,Comercio,12,198,Moderado
VIV-04297,392.49,True,22,Casa,6,138,Ineficiente
VIV-04298,391.49,True,25,Casa,6,142,Ineficiente
VIV-04299,377.14,True,21,Casa,6,71,Ineficiente
VIV-04300,445.24,True,31,Casa,6,107,Ineficiente
VIV-04301,255.31,True,26,Casa,6,96,Eficiente
VIV-04302,343.61,True,15,Casa,6,116,Moderado
VIV-04303,438.8,True,28,Casa,6,120,Ineficiente
VIV-04304,278.68,True,21,Casa,6,144,Moderado
VIV-04305,311.18,True,29,Casa,6,77,Moderado
VIV-04306,339.66,True,13,Casa,6,86,Moderado
COM-04307,1125.03,False,49,Comercio,12,120,Eficiente
VIV-04308,398.36,True,30,Casa,6,75,Ineficiente
VIV-04309,420.45,True,29,Casa,12,94,Ineficiente
VIV-04310,234.9,True,14,Casa,6,40,Eficiente
VIV-04311,250.88,True,16,Casa,6,104,Eficiente
COM-04312,2313.79,True,63,Comercio,12,64,Ineficiente
VIV-04313,265.77,True,24,Casa,6,80,Eficiente
VIV-04314,435.87,True,28,Casa,6,106,Ineficiente
COM-04315,2200.46,False,44,Comercio,12,186,Eficiente
VIV-04316,390.65,True,21,Casa,6,114,Ineficiente
COM-04317,2671.51,True,48,Comercio,12,64,Ineficiente
VIV-04318,247.83,True,15,Casa,6,40,Eficiente
VIV-04319,392.51,True,29,Casa,6,96,Ineficiente
VIV-04320,391.84,True,27,Casa,6,67,Ineficiente
COM-04321,1412.91,True,35,Comercio,12,158,Eficiente
COM-04322,2330.35,True,61,Comercio,12,94,Ineficiente
VIV-04323,234.58,True,14,Casa,6,94,Eficiente
VIV-04324,249.86,True,21,Casa,6,83,Eficiente
VIV-04325,218.84,True,12,Casa,6,115,Eficiente
COM-04326,2922.34,False,71,Comercio,12,89,Ineficiente
VIV-04327,274.58,True,25,Casa,6,101,Eficiente
VIV-04328,385.27,True,18,Casa,12,56,Ineficiente
COM-04329,2507.91,False,74,Comercio,12,161,Moderado
VIV-04330,256.56,True,24,Casa,12,74,Eficiente
VIV-04331,378.59,True,21,Casa,12,108,Ineficiente
VIV-04332,265.91,True,23,Casa,6,68,Eficiente
VIV-04333,237.15,True,19,Casa,6,73,Eficiente
VIV-04334,347.03,True,13,Casa,12,112,Moderado
COM-04335,2156.26,True,44,Comercio,12,120,Moderado
VIV-04336,352.74,True,15,Casa,6,136,Moderado
VIV-04337,368.75,True,14,Casa,6,131,Moderado
COM-04338,1899.34,True,47,Comercio,12,196,Eficiente
COM-04339,808.36,False,47,Comercio,12,155,Eficiente
COM-04340,2310.16,True,47,Comercio,12,165,Moderado
VIV-04341,298.12,True,27,Casa,6,103,Moderado
VIV-04342,235.8,True,12,Casa,6,84,Eficiente
VIV-04343,346.64,True,12,Casa,6,75,Moderado
VIV-04344,237.65,True,13,Casa,12,79,Eficiente
VIV-04345,263.34,True,31,Casa,12,95,Eficiente
COM-04346,2805.44,True,64,Comercio,12,179,Moderado
VIV-04347,467.46,True,32,Casa,6,85,Ineficiente
VIV-04348,341.39,True,13,Casa,12,40,Moderado
VIV-04349,261.9,True,31,Casa,6,125,Eficiente
VIV-04350,406.3,True,30,Casa,6,99,Ineficiente
VIV-04351,316.03,True,30,Casa,12,72,Moderado
VIV-04352,371.27,True,17,Casa,6,114,Ineficiente
VIV-04353,388.4,True,30,Casa,6,88,Ineficiente
VIV-04354,438.05,True,30,Casa,12,61,Ineficiente
VIV-04355,278.1,True,30,Casa,6,105,Moderado
VIV-04356,380.03,True,16,Casa,12,91,Ineficiente
VIV-04357,243.95,True,20,Casa,6,61,Eficiente
VIV-04358,379.95,True,20,Casa,12,115,Ineficiente
COM-04359,2414.0,False,68,Comercio,12,149,Moderado
VIV-04360,383.83,True,17,Casa,6,91,Ineficiente
VIV-04361,376.84,True,19,Casa,6,106,Ineficiente
VIV-04362,273.26,True,19,Casa,12,40,Eficiente
VIV-04363,253.26,True,20,Casa,6,92,Eficiente
VIV-04364,258.66,True,17,Casa,12,86,Eficiente
COM-04365,948.24,False,61,Comercio,12,138,Eficiente
VIV-04366,258.53,True,17,Casa,12,101,Eficiente
VIV-04367,282.65,True,31,Casa,12,138,Moderado
VIV-04368,401.15,True,26,Casa,6,98,Ineficiente
VIV-04369,413.12,True,24,Casa,12,99,Ineficiente
VIV-04370,288.12,True,23,Casa,6,65,Moderado
VIV-04371,430.24,True,31,Casa,12,103,Ineficiente
VIV-04372,254.19,True,25,Casa,6,83,Eficiente
VIV-04373,347.43,True,13,Casa,12,57,Moderado
VIV-04374,427.05,True,27,Casa,6,97,Ineficiente
VIV-04375,386.71,True,19,Casa,6,41,Ineficiente
VIV-04376,240.98,True,18,Casa,12,54,Eficiente
COM-04377,800.28,True,34,Comercio,12,181,Eficiente
VIV-04378,381.82,True,20,Casa,6,84,Ineficiente
VIV-04379,354.61,True,13,Casa,6,91,Moderado
VIV-04380,322.35,True,29,Casa,6,101,Moderado
VIV-04381,256.84,True,17,Casa,12,100,Eficiente
COM-04382,2891.75,True,57,Comercio,12,76,Ineficiente
COM-04383,2191.16,True,66,Comercio,12,125,Moderado
VIV-04384,222.72,True,16,Casa,12,97,Eficiente
VIV-04385,425.57,True,28,Casa,6,61,Ineficiente
VIV-04386,263.48,True,30,Casa,6,67,Eficiente
VIV-04387,394.56,True,26,Casa,6,93,Ineficiente
VIV-04388,253.15,True,23,Casa,6,110,Eficiente
VIV-04389,402.01,True,30,Casa,12,111,Ineficiente
VIV-04390,368.69,True,14,Casa,12,56,Moderado
VIV-04391,396.23,True,20,Casa,12,114,Ineficiente
COM-04392,2212.22,True,63,Comercio,12,169,Moderado
COM-04393,1224.65,False,67,Comercio,12,159,Eficiente
VIV-04394,328.85,True,31,Casa,12,92,Moderado
VIV-04395,308.75,True,31,Casa,12,116,Moderado
VIV-04396,379.98,True,22,Casa,6,53,Ineficiente
VIV-04397,359.18,True,21,Casa,12,110,Moderado
COM-04398,843.12,True,44,Comercio,12,104,Eficiente
COM-04399,2945.08,True,58,Comercio,12,72,Ineficiente
VIV-04400,360.24,True,16,Casa,6,87,Moderado
VIV-04401,393.8,True,26,Casa,6,122,Ineficiente
COM-04402,3285.99,False,64,Comercio,12,141,Ineficiente
COM-04403,1083.6,True,56,Comercio,12,148,Eficiente
VIV-04404,366.73,True,16,Casa,6,79,Moderado
COM-04405,1200.92,False,68,Comercio,12,36,Ineficiente
COM-04406,875.68,False,28,Comercio,12,54,Moderado
VIV-04407,368.56,True,16,Casa,6,141,Moderado
VIV-04408,288.14,True,25,Casa,6,118,Moderado
COM-04409,1948.29,True,28,Comercio,12,176,Eficiente
VIV-04410,388.39,True,19,Casa,12,138,Ineficiente
VIV-04411,357.25,True,14,Casa,12,40,Moderado
COM-04412,1779.47,False,72,Comercio,12,199,Eficiente
VIV-04413,216.49,True,14,Casa,6,85,Eficiente
VIV-04414,229.49,True,13,Casa,12,53,Eficiente
COM-04415,3073.54,False,40,Comercio,12,161,Moderado
VIV-04416,430.96,True,28,Casa,12,51,Ineficiente
VIV-04417,264.87,True,23,Casa,6,100,Eficiente
VIV-04418,404.1,True,27,Casa,6,67,Ineficiente
VIV-04419,267.91,True,18,Casa,6,59,Eficiente
VIV-04420,355.34,True,19,Casa,6,73,Moderado
VIV-04421,341.06,True,12,Casa,6,83,Moderado
VIV-04422,346.79,True,13,Casa,6,115,Moderado
COM-04423,1036.03,False,59,Comercio,12,159,Eficiente
VIV-04424,432.77,True,32,Casa,6,70,Ineficiente
COM-04425,958.55,True,56,Comercio,12,55,Moderado
VIV-04426,414.05,True,25,Casa,12,117,Ineficiente
VIV-04427,275.33,True,29,Casa,6,59,Eficiente
VIV-04428,387.0,True,26,Casa,6,101,Ineficiente
VIV-04429,369.8,True,19,Casa,6,87,Moderado
COM-04430,2284.74,True,35,Comercio,12,41,Ineficiente
VIV-04431,248.78,True,19,Casa,6,135,Eficiente
VIV-04432,252.68,True,23,Casa,12,70,Eficiente
COM-04433,1997.85,False,29,Comercio,12,68,Ineficiente
VIV-04434,294.76,True,25,Casa,6,66,Moderado
VIV-04435,401.09,True,20,Casa,12,111,Ineficiente
VIV-04436,369.3,True,15,Casa,12,66,Moderado
VIV-04437,224.24,True,13,Casa,6,93,Eficiente
VIV-04438,359.65,True,15,Casa,6,108,Moderado
VIV-04439,245.28,True,16,Casa,12,81,Eficiente
COM-04440,833.58,True,41,Comercio,12,69,Eficiente
VIV-04441,236.66,True,13,Casa,12,103,Eficiente
COM-04442,2756.23,False,39,Comercio,12,152,Moderado
VIV-04443,420.75,True,32,Casa,6,111,Ineficiente
COM-04444,857.68,False,40,Comercio,12,163,Eficiente
VIV-04445,298.44,True,24,Casa,12,98,Moderado
VIV-04446,391.86,True,20,Casa,12,113,Ineficiente
VIV-04447,384.52,True,26,Casa,6,83,Ineficiente
VIV-04448,360.43,True,14,Casa,12,118,Moderado
VIV-04449,255.48,True,16,Casa,12,97,Eficiente
VIV-04450,250.52,True,15,Casa,12,73,Eficiente
COM-04451,2881.49,False,62,Comercio,12,36,Ineficiente
COM-04452,2379.17,True,72,Comercio,12,122,Moderado
VIV-04453,276.66,True,24,Casa,6,91,Moderado
COM-04454,2212.51,True,43,Comercio,12,52,Ineficiente
VIV-04455,333.77,True,12,Casa,6,52,Moderado
VIV-04456,411.84,True,23,Casa,6,63,Ineficiente
VIV-04457,255.29,True,20,Casa,6,74,Eficiente
COM-04458,1515.67,True,57,Comercio,12,174,Eficiente
COM-04459,1571.94,False,65,Comercio,12,138,Eficiente
VIV-04460,400.65,True,29,Casa,12,95,Ineficiente
VIV-04461,385.7,True,18,Casa,6,108,Ineficiente
VIV-04462,270.66,True,19,Casa,6,108,Eficiente
VIV-04463,276.71,True,21,Casa,12,99,Moderado
VIV-04464,379.89,True,22,Casa,6,69,Ineficiente
VIV-04465,250.84,True,19,Casa,6,102,Eficiente
COM-04466,1503.27,True,52,Comercio,12,170,Eficiente
VIV-04467,415.62,True,31,Casa,6,118,Ineficiente
VIV-04468,396.83,True,26,Casa,6,104,Ineficiente
VIV-04469,292.44,True,31,Casa,6,105,Moderado
COM-04470,2209.01,False,49,Comercio,12,116,Moderado
COM-04471,2214.41,True,49,Comercio,12,178,Eficiente
VIV-04472,304.54,True,27,Casa,12,77,Moderado
VIV-04473,259.06,True,17,Casa,6,103,Eficiente
COM-04474,1023.72,False,44,Comercio,12,75,Moderado
VIV-04475,394.45,True,20,Casa,6,141,Ineficiente
VIV-04476,282.35,True,21,Casa,6,63,Moderado
VIV-04477,404.9,True,29,Casa,12,122,Ineficiente
VIV-04478,226.25,True,15,Casa,6,84,Eficiente
COM-04479,2146.61,False,45,Comercio,12,84,Ineficiente
COM-04480,1060.85,False,41,Comercio,12,109,Eficiente
VIV-04481,348.03,True,12,Casa,6,89,Moderado
VIV-04482,335.5,True,31,Casa,6,101,Moderado
VIV-04483,396.12,True,19,Casa,6,57,Ineficiente
VIV-04484,367.67,True,14,Casa,6,90,Moderado
VIV-04485,383.83,True,25,Casa,6,154,Ineficiente
VIV-04486,365.4,True,22,Casa,6,69,Moderado
VIV-04487,364.73,True,17,Casa,12,114,Moderado
VIV-04488,287.28,True,32,Casa,12,97,Moderado
VIV-04489,259.9,True,29,Casa,6,75,Eficiente
COM-04490,1109.93,False,41,Comercio,12,89,Eficiente
VIV-04491,404.51,True,24,Casa,12,102,Ineficiente
COM-04492,1566.86,False,38,Comercio,12,46,Ineficiente
VIV-04493,404.12,True,25,Casa,12,49,Ineficiente
VIV-04494,424.7,True,24,Casa,6,123,Ineficiente
VIV-04495,294.4,True,31,Casa,6,102,Moderado
COM-04496,855.9,True,31,Comercio,12,186,Eficiente
COM-04497,2681.18,False,40,Comercio,12,177,Moderado
VIV-04498,363.43,True,20,Casa,6,147,Moderado
VIV-04499,406.44,True,26,Casa,6,103,Ineficiente
VIV-04500,385.16,True,26,Casa,6,90,Ineficiente
VIV-04501,353.81,True,19,Casa,12,80,Moderado
VIV-04502,304.13,True,29,Casa,6,111,Moderado
COM-04503,898.22,False,55,Comercio,12,83,Eficiente
VIV-04504,269.64,True,22,Casa,6,113,Eficiente
VIV-04505,424.01,True,27,Casa,12,70,Ineficiente
VIV-04506,405.13,True,23,Casa,6,109,Ineficiente
COM-04507,1449.56,False,44,Comercio,12,100,Moderado
VIV-04508,411.3,True,28,Casa,6,71,Ineficiente
VIV-04509,432.6,True,29,Casa,12,113,Ineficiente
COM-04510,2142.34,False,51,Comercio,12,144,Moderado
VIV-04511,252.71,True,16,Casa,12,81,Eficiente
COM-04512,2015.28,False,45,Comercio,12,174,Eficiente
VIV-04513,444.51,True,32,Casa,12,110,Ineficiente
VIV-04514,439.69,True,30,Casa,6,104,Ineficiente
VIV-04515,364.16,True,13,Casa,12,76,Moderado
COM-04516,1874.06,True,65,Comercio,12,170,Eficiente
VIV-04517,268.82,True,31,Casa,6,124,Eficiente
VIV-04518,244.79,True,15,Casa,6,41,Eficiente
VIV-04519,235.48,True,12,Casa,12,65,Eficiente
VIV-04520,437.54,True,31,Casa,12,103,Ineficiente
VIV-04521,449.25,True,29,Casa,6,91,Ineficiente
COM-04522,2294.95,True,68,Comercio,12,38,Ineficiente
VIV-04523,384.7,True,18,Casa,12,76,Ineficiente
VIV-04524,297.27,True,31,Casa,6,114,Moderado
VIV-04525,426.74,True,26,Casa,6,79,Ineficiente
VIV-04526,431.02,True,29,Casa,6,110,Ineficiente
VIV-04527,405.29,True,30,Casa,6,73,Ineficiente
COM-04528,2062.93,False,29,Comercio,12,68,Ineficiente
VIV-04529,242.55,True,22,Casa,6,104,Eficiente
VIV-04530,244.04,True,19,Casa,6,101,Eficiente
VIV-04531,240.14,True,20,Casa,6,91,Eficiente
VIV-04532,408.09,True,21,Casa,6,94,Ineficiente
VIV-04533,268.65,True,27,Casa,6,130,Eficiente
VIV-04534,380.06,True,28,Casa,6,114,Ineficiente
COM-04535,2510.63,True,30,Comercio,12,166,Moderado
VIV-04536,290.95,True,30,Casa,12,67,Moderado
VIV-04537,234.99,True,12,Casa,12,114,Eficiente
VIV-04538,377.89,True,17,Casa,6,84,Ineficiente
VIV-04539,258.5,True,21,Casa,6,42,Eficiente
VIV-04540,371.41,True,21,Casa,12,85,Ineficiente
VIV-04541,368.47,True,23,Casa,6,113,Moderado
VIV-04542,223.26,True,15,Casa,6,91,Eficiente
VIV-04543,241.65,True,22,Casa,6,79,Eficiente
VIV-04544,246.17,True,17,Casa,12,85,Eficiente
VIV-04545,393.41,True,23,Casa,6,67,Ineficiente
COM-04546,1626.92,True,51,Comercio,12,89,Moderado
VIV-04547,340.34,True,12,Casa,6,88,Moderado
COM-04548,1490.76,True,39,Comercio,12,116,Eficiente
VIV-04549,391.93,True,24,Casa,6,103,Ineficiente
VIV-04550,268.55,True,23,Casa,6,79,Eficiente
COM-04551,1152.94,True,48,Comercio,12,31,Ineficiente
VIV-04552,309.92,True,31,Casa,12,85,Moderado
VIV-04553,354.53,True,18,Casa,6,78,Moderado
VIV-04554,370.79,True,25,Casa,12,63,Moderado
VIV-04555,211.14,True,12,Casa,6,90,Eficiente
VIV-04556,397.91,True,26,Casa,12,40,Ineficiente
VIV-04557,232.94,True,17,Casa,6,97,Eficiente
VIV-04558,232.69,True,12,Casa,6,66,Eficiente
VIV-04559,296.74,True,28,Casa,6,59,Moderado
COM-04560,1044.11,True,63,Comercio,12,55,Moderado
VIV-04561,243.39,True,16,Casa,6,109,Eficiente
COM-04562,2535.12,True,55,Comercio,12,31,Ineficiente
VIV-04563,242.77,True,21,Casa,6,109,Eficiente
VIV-04564,423.18,True,30,Casa,12,79,Ineficiente
VIV-04565,299.66,True,28,Casa,6,72,Moderado
VIV-04566,421.56,True,32,Casa,12,70,Ineficiente
VIV-04567,410.61,True,29,Casa,6,104,Ineficiente
VIV-04568,263.73,True,31,Casa,6,97,Eficiente
COM-04569,883.75,False,54,Comercio,12,49,Moderado
VIV-04570,331.52,True,30,Casa,6,66,Moderado
VIV-04571,259.94,True,17,Casa,6,154,Eficiente
COM-04572,771.01,True,28,Comercio,12,190,Eficiente
VIV-04573,357.52,True,20,Casa,6,117,Moderado
VIV-04574,242.68,True,21,Casa,6,100,Eficiente
VIV-04575,232.26,True,13,Casa,6,114,Eficiente
COM-04576,1647.59,True,42,Comercio,12,120,Moderado
COM-04577,2330.41,True,66,Comercio,12,195,Eficiente
VIV-04578,380.39,True,17,Casa,6,89,Ineficiente
COM-04579,1773.63,True,44,Comercio,12,108,Moderado
VIV-04580,245.25,True,22,Casa,6,71,Eficiente
VIV-04581,387.32,True,20,Casa,6,85,Ineficiente
VIV-04582,447.89,True,32,Casa,12,94,Ineficiente
COM-04583,2059.94,False,61,Comercio,12,44,Ineficiente
VIV-04584,357.84,True,17,Casa,6,55,Moderado
VIV-04585,388.78,True,30,Casa,6,109,Ineficiente
VIV-04586,364.66,True,13,Casa,6,88,Moderado
VIV-04587,418.01,True,30,Casa,6,123,Ineficiente
VIV-04588,279.53,True,21,Casa,6,105,Moderado
COM-04589,1000.42,False,63,Comercio,12,169,Eficiente
VIV-04590,364.61,True,18,Casa,6,76,Moderado
VIV-04591,293.69,True,24,Casa,12,84,Moderado
COM-04592,2273.36,True,64,Comercio,12,76,Ineficiente
VIV-04593,333.02,True,31,Casa,12,92,Moderado
COM-04594,2206.25,False,35,Comercio,12,59,Ineficiente
VIV-04595,379.26,True,22,Casa,12,48,Ineficiente
VIV-04596,357.35,True,14,Casa,12,69,Moderado
COM-04597,2042.57,True,58,Comercio,12,99,Moderado
VIV-04598,265.88,True,25,Casa,6,67,Eficiente
VIV-04599,376.5,True,23,Casa,6,106,Ineficiente
VIV-04600,413.4,True,31,Casa,12,85,Ineficiente
VIV-04601,221.26,True,12,Casa,6,69,Eficiente
COM-04602,1782.11,True,68,Comercio,12,74,Ineficiente
VIV-04603,211.59,True,12,Casa,12,115,Eficiente
VIV-04604,233.25,True,20,Casa,6,71,Eficiente
COM-04605,2892.42,True,56,Comercio,12,190,Moderado
COM-04606,2375.33,True,64,Comercio,12,35,Ineficiente
COM-04607,1678.72,True,37,Comercio,12,45,Ineficiente
VIV-04608,234.31,True,16,Casa,6,93,Eficiente
VIV-04609,467.06,True,32,Casa,6,68,Ineficiente
VIV-04610,246.73,True,23,Casa,6,93,Eficiente
VIV-04611,270.9,True,21,Casa,6,56,Eficiente
COM-04612,1637.87,False,48,Comercio,12,143,Eficiente
VIV-04613,286.37,True,25,Casa,6,125,Moderado
VIV-04614,375.46,True,23,Casa,12,134,Ineficiente
VIV-04615,244.34,True,19,Casa,6,67,Eficiente
VIV-04616,374.74,True,27,Casa,12,127,Ineficiente
VIV-04617,360.07,True,18,Casa,6,96,Moderado
COM-04618,1697.4,False,42,Comercio,12,172,Eficiente
COM-04619,2103.63,True,47,Comercio,12,135,Moderado
COM-04620,985.28,True,43,Comercio,12,107,Eficiente
VIV-04621,369.07,True,18,Casa,12,93,Moderado
VIV-04622,366.84,True,22,Casa,6,73,Moderado
VIV-04623,285.03,True,25,Casa,6,65,Moderado
VIV-04624,275.94,True,29,Casa,6,147,Eficiente
COM-04625,2220.02,False,56,Comercio,12,165,Moderado
VIV-04626,425.75,True,32,Casa,12,59,Ineficiente
COM-04627,2201.46,False,56,Comercio,12,144,Moderado
VIV-04628,289.98,True,22,Casa,6,85,Moderado
COM-04629,882.86,False,28,Comercio,12,75,Eficiente
COM-04630,907.88,False,53,Comercio,12,193,Eficiente
VIV-04631,224.37,True,12,Casa,12,144,Eficiente
VIV-04632,397.48,True,30,Casa,12,42,Ineficiente
VIV-04633,358.79,True,12,Casa,6,78,Moderado
VIV-04634,233.71,True,18,Casa,6,118,Eficiente
VIV-04635,256.41,True,22,Casa,6,110,Eficiente
VIV-04636,247.25,True,15,Casa,6,93,Eficiente
VIV-04637,324.14,True,32,Casa,6,69,Moderado
VIV-04638,255.1,True,26,Casa,6,79,Eficiente
VIV-04639,238.91,True,19,Casa,6,60,Eficiente
COM-04640,866.23,True,49,Comercio,12,86,Eficiente
VIV-04641,262.22,True,18,Casa,6,61,Eficiente
COM-04642,2172.05,False,43,Comercio,12,198,Eficiente
COM-04643,903.64,True,59,Comercio,12,187,Eficiente
VIV-04644,407.43,True,22,Casa,6,120,Ineficiente
VIV-04645,353.63,True,14,Casa,6,84,Moderado
VIV-04646,431.17,True,26,Casa,6,70,Ineficiente
VIV-04647,312.37,True,30,Casa,6,102,Moderado
VIV-04648,254.03,True,28,Casa,6,58,Eficiente
COM-04649,2172.15,True,52,Comercio,12,197,Eficiente
VIV-04650,310.32,True,31,Casa,6,94,Moderado
VIV-04651,443.42,True,31,Casa,12,113,Ineficiente
COM-04652,1686.78,True,42,Comercio,12,128,Moderado
COM-04653,1315.52,False,25,Comercio,12,108,Eficiente
VIV-04654,412.33,True,24,Casa,12,97,Ineficiente
VIV-04655,435.94,True,27,Casa,6,109,Ineficiente
VIV-04656,353.96,True,13,Casa,6,106,Moderado
VIV-04657,285.91,True,30,Casa,12,77,Moderado
VIV-04658,395.01,True,22,Casa,6,90,Ineficiente
VIV-04659,351.31,True,14,Casa,6,136,Moderado
COM-04660,2070.79,False,52,Comercio,12,44,Ineficiente
COM-04661,1497.89,False,60,Comercio,12,129,Eficiente
VIV-04662,339.53,True,12,Casa,12,79,Moderado
VIV-04663,336.49,True,13,Casa,12,108,Moderado
VIV-04664,366.72,True,15,Casa,12,116,Moderado
VIV-04665,358.71,True,15,Casa,12,74,Moderado
VIV-04666,385.06,True,18,Casa,6,81,Ineficiente
VIV-04667,268.02,True,30,Casa,6,60,Eficiente
VIV-04668,273.65,True,31,Casa,12,70,Eficiente
COM-04669,1013.93,True,59,Comercio,12,121,Eficiente
VIV-04670,355.25,True,20,Casa,6,93,Moderado
VIV-04671,275.86,True,20,Casa,6,71,Eficiente
VIV-04672,264.11,True,20,Casa,6,86,Eficiente
VIV-04673,395.55,True,27,Casa,6,139,Ineficiente
VIV-04674,260.96,True,20,Casa,6,120,Eficiente
COM-04675,1589.85,False,33,Comercio,12,58,Ineficiente
COM-04676,2089.44,False,44,Comercio,12,39,Ineficiente
VIV-04677,258.54,True,23,Casa,6,136,Eficiente
VIV-04678,354.2,True,16,Casa,6,91,Moderado
VIV-04679,435.4,True,29,Casa,6,77,Ineficiente
VIV-04680,400.5,True,23,Casa,6,102,Ineficiente
VIV-04681,385.65,True,27,Casa,12,60,Ineficiente
VIV-04682,259.4,True,17,Casa,12,128,Eficiente
VIV-04683,362.39,True,16,Casa,6,113,Moderado
VIV-04684,265.0,True,20,Casa,6,55,Eficiente
VIV-04685,352.71,True,12,Casa,6,102,Moderado
VIV-04686,258.84,True,18,Casa,12,104,Eficiente
COM-04687,1526.32,True,49,Comercio,12,115,Moderado
COM-04688,2597.17,False,36,Comercio,12,128,Moderado
VIV-04689,298.9,True,25,Casa,6,77,Moderado
COM-04690,2071.69,False,55,Comercio,12,197,Eficiente
VIV-04691,277.8,True,20,Casa,6,108,Moderado
VIV-04692,262.94,True,18,Casa,6,97,Eficiente
VIV-04693,291.49,True,29,Casa,12,57,Moderado
VIV-04694,272.01,True,24,Casa,6,125,Eficiente
COM-04695,2129.4,False,31,Comercio,12,118,Moderado
VIV-04696,333.63,True,12,Casa,6,125,Moderado
VIV-04697,357.53,True,12,Casa,6,76,Moderado
COM-04698,1167.77,True,65,Comercio,12,112,Eficiente
COM-04699,3331.89,False,52,Comercio,12,104,Ineficiente
VIV-04700,368.59,True,21,Casa,12,120,Moderado
VIV-04701,356.36,True,17,Casa,12,97,Moderado
VIV-04702,336.29,True,12,Casa,12,97,Moderado
VIV-04703,291.25,True,29,Casa,12,113,Moderado
VIV-04704,370.32,True,16,Casa,12,99,Moderado
VIV-04705,240.95,True,14,Casa,12,75,Eficiente
VIV-04706,280.59,True,28,Casa,12,40,Moderado
VIV-04707,386.03,True,21,Casa,6,101,Ineficiente
VIV-04708,434.28,True,31,Casa,6,54,Ineficiente
VIV-04709,238.41,True,22,Casa,6,105,Eficiente
VIV-04710,242.57,True,23,Casa,6,112,Eficiente
VIV-04711,247.75,True,24,Casa,6,43,Eficiente
VIV-04712,246.7,True,20,Casa,6,91,Eficiente
VIV-04713,456.08,True,31,Casa,12,85,Ineficiente
COM-04714,1951.61,False,34,Comercio,12,130,Moderado
VIV-04715,249.26,True,26,Casa,6,99,Eficiente
VIV-04716,241.14,True,21,Casa,12,111,Eficiente
VIV-04717,383.76,True,26,Casa,12,88,Ineficiente
VIV-04718,380.84,True,24,Casa,12,81,Ineficiente
COM-04719,1439.98,True,50,Comercio,12,91,Moderado
COM-04720,2035.96,False,57,Comercio,12,75,Ineficiente
VIV-04721,222.8,True,13,Casa,6,111,Eficiente
COM-04722,1496.26,False,42,Comercio,12,134,Eficiente
VIV-04723,432.13,True,28,Casa,12,103,Ineficiente
COM-04724,2119.03,False,66,Comercio,12,37,Ineficiente
VIV-04725,245.48,True,24,Casa,6,94,Eficiente
VIV-04726,347.52,True,16,Casa,6,49,Moderado
VIV-04727,248.6,True,25,Casa,12,95,Eficiente
VIV-04728,273.11,True,28,Casa,6,68,Eficiente
VIV-04729,392.67,True,20,Casa,6,99,Ineficiente
VIV-04730,232.21,True,13,Casa,12,105,Eficiente
VIV-04731,391.14,True,22,Casa,6,59,Ineficiente
VIV-04732,371.54,True,17,Casa,12,65,Ineficiente
VIV-04733,249.75,True,22,Casa,12,121,Eficiente
VIV-04734,387.63,True,22,Casa,6,96,Ineficiente
COM-04735,1017.76,False,44,Comercio,12,83,Eficiente
VIV-04736,388.49,True,28,Casa,6,138,Ineficiente
COM-04737,1603.89,True,63,Comercio,12,45,Ineficiente
COM-04738,1566.34,True,38,Comercio,12,193,Eficiente
COM-04739,1526.87,True,49,Comercio,12,171,Eficiente
COM-04740,2623.27,False,44,Comercio,12,56,Ineficiente
COM-04741,1154.79,False,58,Comercio,12,83,Moderado
COM-04742,2296.81,False,69,Comercio,12,189,Eficiente
VIV-04743,396.23,True,20,Casa,12,112,Ineficiente
VIV-04744,409.9,True,26,Casa,6,72,Ineficiente
VIV-04745,299.51,True,29,Casa,12,60,Moderado
VIV-04746,298.96,True,31,Casa,12,91,Moderado
VIV-04747,387.57,True,20,Casa,12,100,Ineficiente
VIV-04748,282.55,True,25,Casa,6,56,Moderado
VIV-04749,364.16,True,14,Casa,6,110,Moderado
COM-04750,2164.5,True,35,Comercio,12,100,Moderado
VIV-04751,451.15,True,30,Casa,6,136,Ineficiente
COM-04752,1121.92,True,55,Comercio,12,149,Eficiente
VIV-04753,450.05,True,32,Casa,12,106,Ineficiente
VIV-04754,360.15,True,13,Casa,12,48,Moderado
VIV-04755,424.82,True,30,Casa,12,109,Ineficiente
VIV-04756,393.08,True,20,Casa,6,68,Ineficiente
COM-04757,2779.74,True,44,Comercio,12,188,Moderado
VIV-04758,238.32,True,18,Casa,12,81,Eficiente
VIV-04759,232.74,True,16,Casa,12,144,Eficiente
VIV-04760,360.55,True,13,Casa,6,114,Moderado
COM-04761,2060.77,True,55,Comercio,12,46,Ineficiente
VIV-04762,230.18,True,12,Casa,6,86,Eficiente
VIV-04763,259.14,True,16,Casa,6,77,Eficiente
COM-04764,2348.92,True,53,Comercio,12,159,Moderado
VIV-04765,349.7,True,12,Casa,6,62,Moderado
VIV-04766,239.27,True,14,Casa,6,66,Eficiente
VIV-04767,368.71,True,15,Casa,6,73,Moderado
VIV-04768,365.24,True,14,Casa,12,83,Moderado
VIV-04769,254.67,True,19,Casa,6,61,Eficiente
VIV-04770,281.56,True,26,Casa,6,78,Moderado
COM-04771,1017.25,True,51,Comercio,12,158,Eficiente
VIV-04772,418.63,True,29,Casa,6,130,Ineficiente
VIV-04773,405.54,True,30,Casa,12,101,Ineficiente
VIV-04774,254.03,True,27,Casa,6,104,Eficiente
VIV-04775,254.68,True,24,Casa,6,113,Eficiente
COM-04776,1524.67,False,53,Comercio,12,181,Eficiente
VIV-04777,249.53,True,15,Casa,6,94,Eficiente
VIV-04778,370.8,True,26,Casa,6,120,Ineficiente
VIV-04779,383.42,True,17,Casa,6,41,Ineficiente
COM-04780,2010.49,True,61,Comercio,12,87,Ineficiente
COM-04781,1017.76,True,44,Comercio,12,187,Eficiente
VIV-04782,249.11,True,25,Casa,6,100,Eficiente
VIV-04783,223.72,True,14,Casa,12,77,Eficiente
VIV-04784,230.35,True,16,Casa,6,107,Eficiente
VIV-04785,417.24,True,32,Casa,6,132,Ineficiente
COM-04786,1646.74,True,38,Comercio,12,145,Eficiente
VIV-04787,317.62,True,31,Casa,6,102,Moderado
COM-04788,1096.02,False,41,Comercio,12,197,Eficiente
VIV-04789,454.12,True,31,Casa,6,114,Ineficiente
VIV-04790,428.8,True,31,Casa,12,75,Ineficiente
VIV-04791,439.77,True,29,Casa,6,100,Ineficiente
VIV-04792,353.51,True,19,Casa,12,109,Moderado
VIV-04793,360.89,True,13,Casa,12,59,Moderado
COM-04794,966.62,True,42,Comercio,12,150,Eficiente
VIV-04795,349.85,True,18,Casa,6,79,Moderado
VIV-04796,243.62,True,21,Casa,6,58,Eficiente
VIV-04797,217.89,True,14,Casa,6,100,Eficiente
VIV-04798,223.55,True,15,Casa,6,70,Eficiente
COM-04799,2178.36,True,39,Comercio,12,86,Ineficiente
VIV-04800,350.96,True,17,Casa,6,80,Moderado
VIV-04801,259.03,True,19,Casa,12,109,Eficiente
VIV-04802,408.47,True,32,Casa,6,109,Ineficiente
VIV-04803,428.31,True,32,Casa,6,93,Ineficiente
COM-04804,1999.55,False,31,Comercio,12,121,Moderado
VIV-04805,233.41,True,12,Casa,6,107,Eficiente
VIV-04806,285.78,True,29,Casa,6,42,Moderado
VIV-04807,394.09,True,29,Casa,12,95,Ineficiente
VIV-04808,364.21,True,23,Casa,6,83,Moderado
VIV-04809,275.73,True,31,Casa,12,92,Eficiente
VIV-04810,265.95,True,27,Casa,12,92,Eficiente
VIV-04811,235.33,True,21,Casa,6,66,Eficiente
VIV-04812,305.73,True,25,Casa,6,127,Moderado
VIV-04813,261.75,True,21,Casa,6,93,Eficiente
COM-04814,2421.68,True,71,Comercio,12,160,Moderado
COM-04815,1463.63,False,29,Comercio,12,171,Eficiente
COM-04816,1654.11,True,66,Comercio,12,87,Moderado
VIV-04817,376.56,True,16,Casa,6,97,Ineficiente
VIV-04818,292.72,True,30,Casa,12,75,Moderado
VIV-04819,256.58,True,20,Casa,12,132,Eficiente
VIV-04820,321.31,True,28,Casa,12,56,Moderado
VIV-04821,421.01,True,28,Casa,6,121,Ineficiente
COM-04822,1559.14,True,63,Comercio,12,178,Eficiente
VIV-04823,356.79,True,20,Casa,6,77,Moderado
VIV-04824,249.11,True,25,Casa,6,81,Eficiente
COM-04825,1100.27,True,41,Comercio,12,182,Eficiente
VIV-04826,289.98,True,32,Casa,12,85,Moderado
VIV-04827,361.09,True,13,Casa,6,40,Moderado
COM-04828,1913.13,True,65,Comercio,12,97,Moderado
VIV-04829,412.83,True,22,Casa,6,67,Ineficiente
VIV-04830,413.41,True,29,Casa,6,68,Ineficiente
VIV-04831,434.36,True,27,Casa,6,58,Ineficiente
VIV-04832,350.42,True,18,Casa,6,89,Moderado
COM-04833,2817.41,False,37,Comercio,12,55,Ineficiente
COM-04834,2609.84,False,36,Comercio,12,99,Ineficiente
VIV-04835,254.85,True,28,Casa,6,92,Eficiente
VIV-04836,271.12,True,24,Casa,12,40,Eficiente
VIV-04837,397.8,True,27,Casa,6,83,Ineficiente
COM-04838,3062.11,False,36,Comercio,12,76,Ineficiente
VIV-04839,302.67,True,29,Casa,6,93,Moderado
VIV-04840,239.88,True,13,Casa,6,90,Eficiente
VIV-04841,378.77,True,23,Casa,6,112,Ineficiente
COM-04842,2647.14,False,67,Comercio,12,108,Ineficiente
COM-04843,2757.06,True,38,Comercio,12,175,Moderado
VIV-04844,229.78,True,16,Casa,6,77,Eficiente
VIV-04845,368.8,True,14,Casa,12,69,Moderado
VIV-04846,242.73,True,20,Casa,6,76,Eficiente
COM-04847,912.87,True,59,Comercio,12,33,Ineficiente
VIV-04848,261.36,True,17,Casa,6,134,Eficiente
VIV-04849,422.93,True,31,Casa,6,70,Ineficiente
COM-04850,2019.83,True,39,Comercio,12,177,Eficiente
VIV-04851,419.51,True,26,Casa,6,98,Ineficiente
VIV-04852,272.05,True,23,Casa,12,104,Eficiente
VIV-04853,253.04,True,26,Casa,6,140,Eficiente
VIV-04854,308.75,True,31,Casa,12,86,Moderado
VIV-04855,243.49,True,14,Casa,6,64,Eficiente
VIV-04856,363.11,True,21,Casa,6,112,Moderado
COM-04857,1471.43,False,60,Comercio,12,123,Eficiente
COM-04858,2449.17,False,75,Comercio,12,197,Eficiente
VIV-04859,440.42,True,31,Casa,6,98,Ineficiente
VIV-04860,230.58,True,14,Casa,6,116,Eficiente
VIV-04861,274.16,True,20,Casa,6,77,Eficiente
VIV-04862,374.91,True,21,Casa,6,64,Ineficiente
VIV-04863,293.68,True,29,Casa,6,91,Moderado
VIV-04864,379.81,True,23,Casa,6,100,Ineficiente
VIV-04865,367.28,True,24,Casa,12,74,Moderado
VIV-04866,393.08,True,20,Casa,12,72,Ineficiente
COM-04867,1137.49,False,62,Comercio,12,92,Eficiente
COM-04868,1618.52,False,67,Comercio,12,33,Ineficiente
VIV-04869,410.12,True,29,Casa,6,84,Ineficiente
VIV-04870,362.76,True,19,Casa,6,92,Moderado
COM-04871,1461.43,False,34,Comercio,12,135,Eficiente
VIV-04872,344.61,True,14,Casa,6,97,Moderado
VIV-04873,348.34,True,14,Casa,6,100,Moderado
VIV-04874,414.96,True,23,Casa,6,66,Ineficiente
VIV-04875,248.24,True,23,Casa,12,119,Eficiente
VIV-04876,341.91,True,12,Casa,12,66,Moderado
COM-04877,2889.9,True,58,Comercio,12,43,Ineficiente
VIV-04878,292.31,True,31,Casa,6,106,Moderado
VIV-04879,413.17,True,28,Casa,12,72,Ineficiente
VIV-04880,443.72,True,30,Casa,6,109,Ineficiente
VIV-04881,275.94,True,20,Casa,12,83,Eficiente
COM-04882,2106.98,False,44,Comercio,12,167,Eficiente
VIV-04883,355.04,True,19,Casa,6,101,Moderado
VIV-04884,358.49,True,18,Casa,6,126,Moderado
COM-04885,3108.76,False,33,Comercio,12,62,Ineficiente
COM-04886,2202.05,True,61,Comercio,12,97,Moderado
VIV-04887,272.9,True,23,Casa,6,62,Eficiente
VIV-04888,359.35,True,15,Casa,6,118,Moderado
VIV-04889,350.7,True,13,Casa,12,92,Moderado
VIV-04890,251.82,True,22,Casa,12,88,Eficiente
VIV-04891,225.65,True,17,Casa,6,99,Eficiente
VIV-04892,354.03,True,15,Casa,6,97,Moderado
VIV-04893,361.57,True,15,Casa,6,107,Moderado
VIV-04894,355.25,True,14,Casa,6,108,Moderado
VIV-04895,268.7,True,26,Casa,6,126,Eficiente
VIV-04896,389.54,True,30,Casa,12,101,Ineficiente
VIV-04897,390.92,True,32,Casa,6,125,Ineficiente
COM-04898,3406.5,False,57,Comercio,12,138,Ineficiente
COM-04899,1057.48,False,52,Comercio,12,78,Moderado
VIV-04900,235.01,True,14,Casa,6,137,Eficiente
VIV-04901,242.1,True,15,Casa,6,66,Eficiente
VIV-04902,309.73,True,28,Casa,6,85,Moderado
VIV-04903,280.69,True,26,Casa,6,85,Moderado
VIV-04904,228.47,True,12,Casa,6,94,Eficiente
COM-04905,890.93,True,40,Comercio,12,130,Eficiente
VIV-04906,227.41,True,13,Casa,6,81,Eficiente
COM-04907,1448.14,True,35,Comercio,12,164,Eficiente
VIV-04908,269.81,True,25,Casa,12,85,Eficiente
VIV-04909,216.91,True,13,Casa,6,78,Eficiente
VIV-04910,422.52,True,24,Casa,12,49,Ineficiente
VIV-04911,255.82,True,18,Casa,6,99,Eficiente
COM-04912,1038.1,True,66,Comercio,12,97,Eficiente
VIV-04913,245.41,True,19,Casa,6,45,Eficiente
VIV-04914,449.14,True,30,Casa,12,85,Ineficiente
COM-04915,830.59,True,42,Comercio,12,72,Eficiente
VIV-04916,420.74,True,24,Casa,12,87,Ineficiente
VIV-04917,383.12,True,24,Casa,6,108,Ineficiente
COM-04918,1072.15,True,41,Comercio,12,37,Ineficiente
VIV-04919,375.5,True,24,Casa,6,70,Ineficiente
VIV-04920,258.42,True,19,Casa,6,77,Eficiente
COM-04921,1742.4,False,60,Comercio,12,47,Ineficiente
VIV-04922,280.53,True,32,Casa,12,50,Moderado
VIV-04923,289.44,True,23,Casa,6,71,Moderado
COM-04924,1507.32,True,37,Comercio,12,102,Moderado
VIV-04925,370.03,True,19,Casa,6,40,Moderado
COM-04926,2309.27,False,45,Comercio,12,83,Ineficiente
VIV-04927,277.06,True,24,Casa,6,137,Moderado
VIV-04928,340.61,True,12,Casa,12,85,Moderado
VIV-04929,367.48,True,15,Casa,6,55,Moderado
VIV-04930,354.71,True,13,Casa,6,77,Moderado
VIV-04931,284.4,True,27,Casa,6,98,Moderado
VIV-04932,416.57,True,23,Casa,6,126,Ineficiente
VIV-04933,434.55,True,29,Casa,6,120,Ineficiente
COM-04934,2902.93,True,70,Comercio,12,86,Ineficiente
VIV-04935,433.21,True,29,Casa,6,83,Ineficiente
VIV-04936,391.84,True,21,Casa,12,40,Ineficiente
COM-04937,2593.64,False,38,Comercio,12,176,Moderado
VIV-04938,260.81,True,21,Casa,12,51,Eficiente
VIV-04939,240.64,True,15,Casa,6,91,Eficiente
VIV-04940,366.19,True,24,Casa,12,116,Moderado
VIV-04941,275.77,True,24,Casa,12,55,Eficiente
VIV-04942,355.95,True,12,Casa,12,72,Moderado
VIV-04943,281.12,True,24,Casa,6,96,Moderado
VIV-04944,375.1,True,24,Casa,6,68,Ineficiente
COM-04945,1933.74,False,30,Comercio,12,62,Ineficiente
VIV-04946,374.44,True,15,Casa,6,128,Ineficiente
VIV-04947,414.45,True,27,Casa,6,74,Ineficiente
VIV-04948,214.73,True,13,Casa,6,123,Eficiente
COM-04949,2011.41,True,35,Comercio,12,190,Eficiente
VIV-04950,290.29,True,23,Casa,6,62,Moderado
VIV-04951,367.07,True,15,Casa,6,115,Moderado
VIV-04952,382.28,True,27,Casa,12,88,Ineficiente
VIV-04953,278.42,True,26,Casa,6,45,Moderado
COM-04954,1146.0,False,57,Comercio,12,119,Eficiente
VIV-04955,438.3,True,27,Casa,12,96,Ineficiente
VIV-04956,247.64,True,14,Casa,6,107,Eficiente
COM-04957,2579.49,False,34,Comercio,12,164,Moderado
VIV-04958,373.93,True,19,Casa,6,68,Ineficiente
VIV-04959,395.21,True,23,Casa,6,58,Ineficiente
VIV-04960,432.9,True,32,Casa,6,46,Ineficiente
VIV-04961,373.07,True,20,Casa,12,75,Ineficiente
VIV-04962,351.51,True,15,Casa,6,80,Moderado
COM-04963,1014.35,False,51,Comercio,12,63,Moderado
VIV-04964,285.39,True,28,Casa,12,96,Moderado
VIV-04965,359.91,True,12,Casa,6,50,Moderado
VIV-04966,285.05,True,29,Casa,6,82,Moderado
COM-04967,2105.62,True,65,Comercio,12,58,Ineficiente
COM-04968,2005.92,False,30,Comercio,12,102,Moderado
VIV-04969,360.47,True,19,Casa,6,45,Moderado
VIV-04970,279.45,True,27,Casa,6,146,Moderado
VIV-04971,375.39,True,22,Casa,12,83,Ineficiente
VIV-04972,400.28,True,26,Casa,6,94,Ineficiente
VIV-04973,308.14,True,27,Casa,6,83,Moderado
VIV-04974,355.14,True,14,Casa,6,98,Moderado
VIV-04975,426.37,True,25,Casa,6,58,Ineficiente
VIV-04976,242.57,True,14,Casa,6,87,Eficiente
VIV-04977,219.51,True,14,Casa,6,112,Eficiente
VIV-04978,351.54,True,13,Casa,6,108,Moderado
VIV-04979,265.03,True,31,Casa,6,87,Eficiente
VIV-04980,306.44,True,29,Casa,6,87,Moderado
VIV-04981,269.14,True,26,Casa,6,40,Eficiente
VIV-04982,353.3,True,18,Casa,6,83,Moderado
VIV-04983,243.89,True,24,Casa,12,80,Eficiente
VIV-04984,298.18,True,29,Casa,6,86,Moderado
VIV-04985,259.9,True,20,Casa,6,71,Eficiente
COM-04986,2640.84,True,34,Comercio,12,178,Moderado
VIV-04987,247.04,True,25,Casa,6,98,Eficiente
VIV-04988,438.86,True,27,Casa,12,110,Ineficiente
VIV-04989,349.85,True,14,Casa,6,103,Moderado
VIV-04990,389.13,True,31,Casa,6,114,Ineficiente
VIV-04991,354.4,True,17,Casa,6,98,Moderado
COM-04992,1443.38,False,55,Comercio,12,57,Ineficiente
VIV-04993,227.07,True,12,Casa,6,60,Eficiente
COM-04994,2277.36,False,68,Comercio,12,42,Ineficiente
COM-04995,3351.51,True,74,Comercio,12,148,Moderado
VIV-04996,252.63,True,22,Casa,6,83,Eficiente
COM-04997,1469.09,False,33,Comercio,12,118,Eficiente
VIV-04998,255.36,True,19,Casa,6,118,Eficiente
VIV-04999,292.34,True,30,Casa,12,117,Moderado
VIV-05000,384.32,True,21,Casa,6,123,Ineficiente
